-0.024910,-0.045784,0.038230,-0.033488,-0.317640,0.008201
-0.024872,-0.045778,0.029696,-0.032290,-0.315152,0.004228
-0.024763,-0.045776,0.037843,-0.033425,-0.316642,0.008630
-0.024786,-0.045745,0.040669,-0.033834,-0.316988,0.010096
-0.024838,-0.045749,0.039462,-0.033772,-0.318701,0.009545
-0.025142,-0.045710,0.042986,-0.034309,-0.318260,0.011106
-0.025440,-0.045814,0.037121,-0.033518,-0.317510,0.008030
-0.025078,-0.045534,0.041290,-0.033922,-0.316689,0.010370
-0.025205,-0.045582,0.047790,-0.034729,-0.316493,0.013345
-0.025406,-0.045803,0.049175,-0.034682,-0.313037,0.013533
-0.025130,-0.045715,0.051429,-0.034726,-0.313784,0.014289
-0.024830,-0.045783,0.051296,-0.034593,-0.315342,0.014017
-0.024742,-0.045991,0.044668,-0.033647,-0.314388,0.010664
-0.024889,-0.046042,0.044038,-0.033688,-0.313558,0.010412
-0.025029,-0.045582,0.039310,-0.033344,-0.315679,0.008209
-0.025281,-0.045658,0.037987,-0.033454,-0.318145,0.007702
-0.025190,-0.046413,0.043614,-0.034171,-0.317493,0.010581
-0.025416,-0.046846,0.038088,-0.033388,-0.313935,0.007818
-0.025375,-0.046489,0.045173,-0.034333,-0.312840,0.011452
-0.025677,-0.045554,0.046755,-0.034712,-0.312824,0.012098
-0.025866,-0.045012,0.054498,-0.035727,-0.312254,0.015575
-0.025703,-0.046051,0.053193,-0.035387,-0.314894,0.014485
-0.025283,-0.046814,0.055923,-0.035482,-0.316565,0.015416
-0.025812,-0.046306,0.055358,-0.035338,-0.314704,0.014183
-0.025956,-0.046280,0.047752,-0.034534,-0.319775,0.009800
-0.026001,-0.046212,0.039973,-0.033426,-0.319426,0.005651
-0.026045,-0.046256,0.039908,-0.033412,-0.319391,0.005503
-0.026001,-0.046341,0.038908,-0.033117,-0.315381,0.004960
-0.026185,-0.046232,0.040148,-0.033251,-0.312890,0.005384
-0.026181,-0.046313,0.044547,-0.033737,-0.311732,0.007362
-0.026574,-0.046342,0.042428,-0.033583,-0.312237,0.005887
-0.026430,-0.046313,0.039890,-0.033231,-0.313719,0.004544
-0.026920,-0.046112,0.031158,-0.032207,-0.312409,0.000040
-0.026950,-0.046226,0.034664,-0.032692,-0.311406,0.001981
-0.026938,-0.046474,0.032810,-0.032552,-0.313211,0.001324
-0.026890,-0.046371,0.042401,-0.033815,-0.312209,0.006227
-0.027066,-0.046386,0.033197,-0.032825,-0.313193,0.001762
-0.027019,-0.046495,0.044105,-0.034289,-0.314401,0.007285
-0.027228,-0.046611,0.041712,-0.034062,-0.314602,0.005945
-0.027138,-0.046676,0.040319,-0.033914,-0.314984,0.005383
-0.027347,-0.046794,0.037435,-0.033640,-0.314068,0.004042
-0.027187,-0.046979,0.039360,-0.033920,-0.313793,0.005320
-0.027533,-0.047014,0.044330,-0.034785,-0.315248,0.007735
-0.027285,-0.047129,0.049995,-0.035564,-0.318811,0.010587
-0.027708,-0.047439,0.045307,-0.035298,-0.322214,0.007990
-0.027558,-0.047779,0.047554,-0.035563,-0.319461,0.009138
-0.028018,-0.047812,0.045543,-0.035621,-0.320913,0.007928
-0.027938,-0.048159,0.058676,-0.037381,-0.320947,0.014190
-0.028180,-0.048690,0.060407,-0.037624,-0.321108,0.014295
-0.028442,-0.048888,0.058853,-0.037361,-0.319610,0.012672
-0.028865,-0.049046,0.066175,-0.038547,-0.324374,0.015249
-0.029069,-0.049764,0.067265,-0.038646,-0.325409,0.014552
-0.029512,-0.050420,0.069376,-0.038953,-0.327557,0.014038
-0.029825,-0.050800,0.072253,-0.039232,-0.328823,0.013683
-0.030038,-0.051341,0.065564,-0.038068,-0.327871,0.008647
-0.030436,-0.052303,0.061094,-0.037281,-0.326714,0.004699
-0.030930,-0.053222,0.053483,-0.036238,-0.327126,-0.000695
-0.031469,-0.054335,0.051148,-0.036043,-0.328990,-0.003385
-0.031917,-0.055411,0.048720,-0.035617,-0.324697,-0.006043
-0.032932,-0.057188,0.054422,-0.036786,-0.327242,-0.004933
-0.034499,-0.061189,0.051388,-0.037859,-0.329715,-0.006629
-0.038403,-0.069300,0.045648,-0.039096,-0.340323,-0.015796
-0.036930,-0.071666,0.055494,-0.041945,-0.343337,-0.006112
-0.030776,-0.050352,0.062689,-0.039708,-0.322776,0.006636
-0.024900,-0.037008,0.103794,-0.047732,-0.306834,0.055274
-0.021337,-0.031604,0.116409,-0.047153,-0.300595,0.066528
-0.020651,-0.031302,0.121257,-0.047311,-0.296556,0.068867
-0.021477,-0.032572,0.124737,-0.048523,-0.296999,0.069252
-0.021838,-0.033625,0.125656,-0.048824,-0.294708,0.067951
-0.022600,-0.034684,0.125994,-0.048970,-0.289951,0.065977
-0.023273,-0.035790,0.120456,-0.048739,-0.288933,0.061184
-0.024217,-0.037180,0.120213,-0.049208,-0.286240,0.058774
-0.024946,-0.038697,0.120805,-0.049906,-0.285250,0.056686
-0.026068,-0.040470,0.110759,-0.049411,-0.283599,0.049328
-0.027114,-0.042214,0.105983,-0.049590,-0.280294,0.044702
-0.028932,-0.044445,0.099419,-0.050252,-0.279455,0.039168
-0.030700,-0.046767,0.092661,-0.051063,-0.277818,0.034146
-0.033238,-0.049504,0.084212,-0.052041,-0.274827,0.028458
-0.036158,-0.052039,0.076584,-0.053679,-0.273962,0.023309
-0.039591,-0.055609,0.082277,-0.056373,-0.269874,0.022622
-0.043583,-0.059327,0.073281,-0.057693,-0.268599,0.014414
-0.048194,-0.063423,0.053392,-0.057846,-0.265868,0.001023
-0.053900,-0.067901,0.043326,-0.059755,-0.264940,-0.008200
-0.060582,-0.073177,0.039348,-0.062351,-0.259358,-0.015149
-0.069083,-0.079116,0.039176,-0.065769,-0.255028,-0.022041
-0.078816,-0.085617,0.032961,-0.068409,-0.244831,-0.032407
-0.091320,-0.091977,0.031225,-0.072441,-0.234661,-0.041787
-0.104514,-0.097829,0.018953,-0.073829,-0.227086,-0.070104
-0.121826,-0.092789,-0.001096,-0.076439,-0.210930,-0.111695
-0.136172,-0.043825,-0.041234,-0.083624,-0.154582,-0.168995
-0.138537,0.081288,-0.032754,-0.104435,0.051486,-0.160898
-0.185326,0.111020,-0.019199,-0.149945,0.106807,-0.162145
-0.204641,0.121205,-0.038165,-0.160361,0.112466,-0.202563
-0.181539,0.115056,-0.087634,-0.126419,0.096468,-0.264078
-0.145041,0.108111,-0.151508,-0.079126,0.075494,-0.345818
-0.083513,0.129772,-0.279477,-0.011636,0.063031,-0.483207
-0.062265,0.149228,-0.408983,0.021650,0.060697,-0.628793
-0.067171,0.282554,-0.587850,0.036019,0.150570,-0.746027
-0.095309,0.368346,-0.813022,0.002266,0.194496,-0.909190
-0.156461,0.283345,-1.044912,-0.071684,0.119056,-1.135139
-0.203212,0.208564,-1.249879,-0.153655,0.063380,-1.331054
-0.206283,0.213825,-1.479584,-0.165374,0.087483,-1.529377
-0.122266,0.213303,-1.717353,-0.087586,0.121833,-1.723754
-0.035485,0.142241,-1.788583,-0.030450,0.119239,-1.841549
-0.038041,0.147089,-1.828087,-0.067163,0.134128,-1.875688
-0.050707,0.163748,-1.828520,-0.080002,0.155769,-1.878860
-0.037762,0.153437,-1.824368,-0.068034,0.143669,-1.875837
-0.036172,0.135064,-1.826310,-0.065434,0.125692,-1.879878
-0.033048,0.139772,-1.838876,-0.056430,0.133875,-1.888910
-0.032777,0.145352,-1.840300,-0.056115,0.140663,-1.889957
-0.027411,0.132655,-1.847768,-0.049235,0.128549,-1.899562
-0.020946,0.112955,-1.837284,-0.044268,0.109225,-1.902647
-0.028136,0.129580,-1.821220,-0.048794,0.123659,-1.888122
-0.037090,0.136547,-1.805133,-0.055356,0.132327,-1.874488
-0.050709,0.135125,-1.784151,-0.069364,0.134272,-1.865153
-0.052825,0.146856,-1.763978,-0.071253,0.144159,-1.848845
-0.027980,0.162331,-1.752360,-0.037266,0.156722,-1.823212
-0.002516,0.182424,-1.745093,-0.000303,0.177655,-1.804548
0.015639,0.130984,-1.709935,0.026513,0.132160,-1.798545
0.039108,0.133152,-1.721119,0.065949,0.136214,-1.801607
0.076883,0.151998,-1.729292,0.116386,0.146819,-1.792129
0.050684,0.104897,-1.729124,0.095865,0.096648,-1.800760
0.091856,0.087100,-1.778802,0.147715,0.100437,-1.875214
0.107103,0.112438,-1.816489,0.189485,0.132085,-1.901343
0.135878,0.298601,-1.875793,0.223926,0.317305,-1.881740
0.143893,0.403411,-1.883074,0.252056,0.439850,-1.855436
0.124596,0.483239,-1.891709,0.238258,0.534944,-1.836015
0.076700,0.507731,-1.881415,0.186339,0.564467,-1.824765
0.029352,0.440905,-1.887843,0.118994,0.490365,-1.846785
-0.010036,0.341442,-1.888386,0.064102,0.381523,-1.868155
-0.028974,0.239682,-1.874303,0.035444,0.268156,-1.873697
-0.043728,0.102741,-1.844832,0.018634,0.125939,-1.875199
-0.065597,-0.042125,-1.811891,0.002101,-0.019268,-1.879566
-0.088302,-0.206804,-1.730828,-0.012376,-0.189989,-1.842755
-0.101774,-0.393846,-1.646595,-0.013145,-0.382376,-1.823500
-0.113574,-0.632478,-1.521012,-0.004686,-0.628311,-1.797565
-0.144920,-0.810078,-1.433127,0.009309,-0.814012,-1.817679
-0.151584,-0.755358,-1.430114,0.003918,-0.770815,-1.802519
-0.125103,-0.479243,-1.513060,0.003250,-0.492926,-1.792072
-0.115459,-0.188059,-1.593252,-0.003800,-0.185571,-1.801077
-0.141709,0.107109,-1.663933,-0.040378,0.119733,-1.794798
-0.170465,0.394109,-1.796038,-0.072609,0.412125,-1.829683
-0.221713,0.670791,-1.990482,-0.115406,0.698513,-1.917941
-0.208763,0.783148,-2.138494,-0.085760,0.822106,-2.001382
-0.138102,0.740221,-2.197491,-0.002409,0.783719,-2.048837
-0.052527,0.596511,-2.176325,0.088217,0.646978,-2.064729
0.038077,0.395875,-2.116835,0.164582,0.437443,-2.065165
0.099075,0.157803,-2.030519,0.216002,0.196969,-2.056588
0.119379,-0.030087,-1.959577,0.229897,0.013100,-2.057691
0.108408,-0.164520,-1.895595,0.212910,-0.117419,-2.053667
0.068814,-0.284713,-1.827093,0.163963,-0.243575,-2.040312
0.000431,-0.462942,-1.730494,0.077755,-0.427824,-2.013111
-0.085892,-0.694520,-1.606914,-0.045865,-0.691326,-1.947309
-0.204957,-0.934474,-1.426559,-0.200631,-0.932769,-1.844373
-0.348976,-0.868328,-1.232807,-0.404806,-0.914199,-1.601185
-0.408544,-0.642901,-1.247496,-0.484705,-0.681643,-1.584978
-0.398454,-0.410153,-1.359980,-0.481841,-0.442694,-1.666274
-0.344838,-0.228713,-1.515850,-0.420841,-0.270617,-1.744669
-0.275545,-0.085949,-1.697345,-0.330109,-0.127507,-1.868483
-0.198316,-0.077609,-1.759100,-0.225851,-0.133353,-1.901079
-0.101806,-0.107532,-1.800595,-0.093483,-0.153001,-1.989403
0.011642,0.019913,-1.931884,0.046339,-0.009238,-2.049883
0.124648,0.187481,-2.048730,0.194901,0.183648,-2.076683
0.245336,0.346541,-2.039715,0.343986,0.360558,-2.005365
0.356468,0.310950,-1.960339,0.470698,0.342779,-1.955623
0.359439,0.215934,-1.899292,0.494950,0.258856,-1.928423
0.262483,0.166589,-1.869592,0.406322,0.206735,-1.905449
0.106631,0.146826,-1.860764,0.222483,0.167738,-1.900172
-0.084673,0.129752,-1.854204,-0.014748,0.145331,-1.906773
-0.280850,0.146293,-1.837095,-0.293024,0.139247,-1.895965
-0.456086,0.188218,-1.881280,-0.521326,0.159413,-1.919951
-0.516753,0.205394,-1.934446,-0.584535,0.176723,-1.955353
-0.440846,0.243607,-1.987332,-0.474898,0.229001,-1.987652
-0.248939,0.325717,-2.027620,-0.245043,0.326700,-1.965824
0.003929,0.314856,-1.962057,0.033155,0.313328,-1.917992
0.185911,0.155577,-1.877755,0.237946,0.155481,-1.900238
0.245011,0.027575,-1.841096,0.319753,0.032570,-1.905743
0.197790,-0.020801,-1.831478,0.275168,-0.014860,-1.906258
0.066106,0.001071,-1.803854,0.114246,0.000062,-1.874404
-0.095472,0.050649,-1.791942,-0.099328,0.041032,-1.852254
-0.262836,0.059516,-1.763853,-0.320746,0.030929,-1.816529
-0.371850,0.037854,-1.771638,-0.450458,0.007448,-1.821748
-0.400205,0.051801,-1.793394,-0.473324,0.029498,-1.849924
-0.377299,0.068709,-1.815486,-0.443948,0.049748,-1.857847
-0.350284,0.085997,-1.845333,-0.413849,0.067161,-1.862164
-0.309305,0.064583,-1.835547,-0.362019,0.044350,-1.851666
-0.242093,0.022425,-1.823223,-0.272658,0.002307,-1.842006
-0.135682,-0.040644,-1.788399,-0.135727,-0.057796,-1.839382
-0.004076,-0.093066,-1.793047,0.028061,-0.111430,-1.858041
0.107877,-0.125649,-1.804376,0.174222,-0.144677,-1.884220
0.181505,-0.160044,-1.844202,0.267668,-0.165738,-1.944257
0.207957,-0.058580,-1.865174,0.301940,-0.060863,-1.931802
0.183777,0.092897,-1.875956,0.284093,0.096082,-1.893558
0.124470,0.211974,-1.891648,0.226772,0.229595,-1.875347
0.041575,0.368748,-1.929287,0.134588,0.397673,-1.861438
-0.077051,0.489901,-1.987509,0.006774,0.536339,-1.882137
-0.241549,0.545622,-2.061743,-0.198177,0.601586,-1.953934
-0.377320,0.499430,-2.082588,-0.394852,0.536763,-1.998333
-0.476106,0.395249,-2.071769,-0.527668,0.410594,-1.993351
-0.523942,0.272119,-2.027094,-0.593669,0.256931,-1.931651
-0.513393,0.100949,-1.948787,-0.589862,0.081839,-1.876748
-0.474784,-0.034309,-1.880348,-0.539934,-0.050654,-1.835247
-0.401373,-0.180777,-1.757946,-0.451646,-0.195463,-1.779551
-0.290378,-0.341550,-1.652375,-0.317909,-0.350125,-1.787810
-0.164469,-0.373052,-1.644428,-0.155599,-0.388003,-1.805704
0.022225,-0.343354,-1.726733,0.061701,-0.355181,-1.869413
0.177481,-0.257800,-1.794906,0.250107,-0.260206,-1.902574
0.249792,-0.120918,-1.857635,0.342420,-0.123192,-1.896651
0.239384,-0.004093,-1.881662,0.340411,-0.017841,-1.859191
0.192312,0.062351,-1.887920,0.294806,0.052703,-1.829775
0.117097,0.103290,-1.884744,0.227862,0.122802,-1.828278
0.024897,0.154833,-1.861993,0.139777,0.194225,-1.796273
-0.098411,0.251277,-1.865621,0.000211,0.300661,-1.770216
-0.231017,0.342813,-1.914598,-0.181357,0.408594,-1.805676
-0.368935,0.397513,-1.966599,-0.367921,0.451195,-1.833799
-0.482878,0.382029,-2.033327,-0.518191,0.421897,-1.882773
-0.546399,0.283158,-2.035282,-0.596452,0.296945,-1.855727
-0.530820,0.083065,-1.984464,-0.578878,0.085143,-1.799859
-0.431008,-0.158911,-1.860920,-0.467906,-0.154914,-1.755757
-0.275834,-0.386105,-1.773379,-0.297762,-0.388267,-1.754793
-0.058571,-0.577927,-1.774176,-0.055969,-0.581894,-1.870072
0.170401,-0.718760,-1.804123,0.206865,-0.720219,-2.018810
0.306119,-0.660728,-1.874721,0.373320,-0.671716,-2.092537
0.336116,-0.504589,-1.896476,0.424151,-0.510394,-2.087982
0.273438,-0.263155,-1.911301,0.365510,-0.272757,-2.021690
0.149377,-0.008321,-1.897139,0.235329,-0.012959,-1.942186
-0.011697,0.190548,-1.916085,0.059922,0.205688,-1.923712
-0.193916,0.391654,-1.960783,-0.165655,0.413953,-1.932698
-0.390677,0.569465,-2.069563,-0.418912,0.592074,-2.018056
-0.521800,0.629113,-2.177085,-0.569863,0.642008,-2.099040
-0.505666,0.511191,-2.140945,-0.544781,0.511733,-2.051366
-0.390323,0.271878,-1.981652,-0.418116,0.272878,-1.944936
-0.235375,0.048384,-1.843883,-0.243300,0.042394,-1.868591
-0.071130,-0.100201,-1.780475,-0.052729,-0.108659,-1.874976
0.032582,-0.122530,-1.801664,0.073154,-0.130857,-1.914883
0.055808,-0.079216,-1.821940,0.105733,-0.087368,-1.926114
0.023508,-0.038785,-1.842888,0.071107,-0.047784,-1.935047
-0.017572,-0.039848,-1.847341,0.031623,-0.055474,-1.934918
-0.062331,-0.004385,-1.848645,-0.010324,-0.021869,-1.926509
-0.100550,0.053357,-1.864302,-0.062338,0.017865,-1.916824
-0.080269,0.035743,-1.856980,-0.036916,0.008482,-1.934805
-0.091647,-0.000854,-1.824645,-0.048805,-0.010705,-1.942650
-0.137387,0.059537,-1.800049,-0.126762,0.028199,-1.907535
-0.208763,0.096041,-1.807272,-0.221228,0.061568,-1.918852
-0.299132,0.115054,-1.809955,-0.330953,0.083102,-1.940860
-0.372286,0.082458,-1.786781,-0.413666,0.053551,-1.950086
-0.432258,0.121859,-1.808079,-0.525954,0.056690,-1.963192
-0.548528,0.152756,-1.861477,-0.663957,0.067194,-2.010624
-0.622271,0.127420,-1.894942,-0.716005,0.035220,-2.005395
-0.593790,0.106175,-1.931390,-0.653328,0.008678,-2.006228
-0.556448,0.128188,-2.008850,-0.591785,0.017014,-2.022980
-0.427317,0.061026,-2.022151,-0.422015,-0.045870,-2.068243
-0.256597,0.024848,-2.015882,-0.226087,-0.072750,-2.101354
-0.019754,-0.052170,-1.948489,0.022222,-0.147478,-2.133434
0.237104,-0.149205,-1.873700,0.286267,-0.242545,-2.204935
0.434177,-0.169992,-1.829024,0.507520,-0.286595,-2.249332
0.365354,-0.087853,-1.803396,0.505351,-0.185700,-2.098119
0.175128,-0.045099,-1.760686,0.350362,-0.065720,-1.906215
-0.004399,0.031622,-1.740909,0.168951,-0.014527,-1.848789
-0.191273,0.104255,-1.761176,-0.029990,0.020882,-1.824198
-0.326734,0.032589,-1.753047,-0.259358,-0.014789,-1.860063
-0.464177,0.054225,-1.739574,-0.539343,0.020166,-1.869507
-0.656507,0.127612,-1.748683,-0.810934,0.076709,-1.874460
-0.734367,0.126127,-1.778405,-0.865611,0.077906,-1.809619
-0.634692,0.055897,-1.766550,-0.719927,0.006562,-1.816943
-0.482243,0.039052,-1.827891,-0.560726,-0.000632,-1.859028
-0.378672,0.045908,-1.864553,-0.458009,0.007162,-1.878322
-0.289097,0.019648,-1.874846,-0.355119,-0.017916,-1.895303
-0.193568,-0.016641,-1.865808,-0.253881,-0.041141,-1.920076
-0.150623,-0.011280,-1.865020,-0.206301,-0.040765,-1.905290
-0.139524,-0.001368,-1.888634,-0.197744,-0.032651,-1.915343
-0.131143,-0.010396,-1.889845,-0.198449,-0.032890,-1.930385
-0.138696,-0.007587,-1.900130,-0.217133,-0.026206,-1.944664
-0.097079,-0.013037,-1.886931,-0.175458,-0.027605,-1.947043
-0.024236,-0.017310,-1.885367,-0.099822,-0.028780,-1.962279
0.048780,0.012264,-1.899994,-0.012116,-0.005709,-1.960909
0.143484,0.007444,-1.911825,0.099162,-0.014046,-1.981987
0.276100,-0.076360,-1.868608,0.262031,-0.079783,-2.055046
0.369634,-0.053383,-1.850426,0.394578,-0.076452,-2.031596
0.338350,-0.075664,-1.829108,0.423936,-0.048349,-1.938915
0.263629,-0.003526,-1.819565,0.364374,0.001716,-1.885742
0.126048,-0.001246,-1.835962,0.220661,0.010370,-1.905698
-0.014402,0.009629,-1.835375,-0.000382,0.026502,-1.903727
-0.074743,0.024727,-1.837272,-0.096863,0.025675,-1.897188
-0.103891,0.019742,-1.823302,-0.133604,0.022103,-1.893959
-0.119520,0.023820,-1.820910,-0.153585,0.025862,-1.889728
-0.104494,0.017457,-1.813315,-0.133165,0.018754,-1.879469
-0.081974,0.032816,-1.795340,-0.106132,0.024326,-1.850314
-0.098117,0.043763,-1.808384,-0.116394,0.033831,-1.851785
-0.153172,0.050539,-1.797359,-0.175948,0.055869,-1.857773
-0.219538,0.096512,-1.789644,-0.263744,0.102727,-1.843696
-0.262950,0.135155,-1.800021,-0.312172,0.135493,-1.828396
-0.233711,0.141119,-1.832379,-0.270204,0.130152,-1.823739
-0.132521,0.099540,-1.823319,-0.148916,0.086301,-1.820632
-0.025221,0.040468,-1.809584,-0.029615,0.026446,-1.830923
-0.013839,-0.018282,-1.811085,0.010249,-0.016518,-1.884425
-0.069889,0.004890,-1.796764,-0.049020,0.002832,-1.861628
-0.116442,0.025138,-1.794699,-0.098177,0.012034,-1.843085
-0.144687,0.016269,-1.793387,-0.124306,-0.003881,-1.831264
-0.170148,0.001519,-1.805151,-0.152027,-0.019436,-1.838460
-0.242700,0.029980,-1.817032,-0.259649,0.020242,-1.846571
-0.306909,0.094140,-1.823308,-0.339232,0.086352,-1.827195
-0.296845,0.146808,-1.863189,-0.307992,0.119596,-1.774035
-0.153736,0.074252,-1.889406,-0.128901,0.037916,-1.786695
0.059584,-0.041086,-1.885173,0.090775,-0.039455,-1.861899
0.118326,-0.097108,-1.837669,0.200072,-0.071732,-1.902442
0.078884,-0.011433,-1.827095,0.187512,-0.012288,-1.827512
0.005740,-0.062587,-1.842384,0.118995,-0.054189,-1.866390
-0.117670,-0.013191,-1.869204,-0.069035,-0.005769,-1.865136
-0.286400,0.035864,-1.931036,-0.329924,0.023338,-1.889014
-0.417887,0.039359,-1.997503,-0.479668,0.028991,-1.951006
-0.473495,0.071427,-2.028626,-0.527523,0.062854,-1.948101
-0.466113,0.094924,-2.095789,-0.490565,0.090553,-1.962222
-0.352412,0.076227,-2.140074,-0.354943,0.068386,-1.963539
-0.140535,-0.007677,-2.123747,-0.129586,-0.020795,-2.011754
0.160853,-0.173622,-2.077212,0.166232,-0.150861,-2.153373
0.568843,-0.352958,-2.012590,0.544219,-0.310683,-2.318090
0.718938,-0.319444,-1.963403,0.790165,-0.317126,-2.292982
0.625009,-0.271038,-1.931362,0.786307,-0.225384,-2.140334
0.450605,-0.259013,-1.862275,0.658724,-0.201867,-2.053516
0.311656,-0.258975,-1.777493,0.498700,-0.213627,-1.982333
0.162439,-0.199044,-1.713162,0.312179,-0.191182,-1.893303
-0.007163,-0.103230,-1.636213,0.072713,-0.062163,-1.802737
-0.138343,0.041090,-1.571341,-0.111444,0.100717,-1.727079
-0.204148,0.227716,-1.555381,-0.185810,0.297042,-1.676336
-0.218978,0.443256,-1.609942,-0.177687,0.503279,-1.625578
-0.190733,0.580753,-1.678468,-0.112266,0.642409,-1.611820
-0.158084,0.628902,-1.730944,-0.059086,0.688277,-1.603922
-0.115214,0.520337,-1.688508,-0.012591,0.594287,-1.598132
0.039991,0.440904,-1.661564,0.150094,0.473716,-1.555231
0.130806,0.174008,-1.713154,0.244980,0.215633,-1.693012
0.088830,-0.075783,-1.768505,0.246649,-0.030075,-1.845639
-0.023521,-0.200679,-1.814192,0.118920,-0.199755,-1.907062
-0.153203,-0.365344,-1.801541,-0.046730,-0.357842,-1.939193
-0.299801,-0.338835,-1.778193,-0.237507,-0.325073,-1.904248
-0.430650,-0.229059,-1.764528,-0.402484,-0.189440,-1.880391
-0.542155,-0.080959,-1.743865,-0.538038,-0.002234,-1.866364
-0.617193,0.100943,-1.740565,-0.600735,0.220932,-1.876569
-0.621008,0.321467,-1.741957,-0.591367,0.461863,-1.839254
-0.580968,0.458777,-1.666281,-0.499452,0.618087,-1.733565
-0.410621,0.555550,-1.565549,-0.257209,0.665229,-1.546730
-0.239371,0.454129,-1.488403,-0.075280,0.517000,-1.491239
-0.102796,0.326168,-1.451240,0.074605,0.351076,-1.498231
-0.049951,0.292282,-1.564099,0.100877,0.213260,-1.579038
-0.142230,0.121900,-1.659549,-0.052826,0.028497,-1.729415
-0.250460,-0.044532,-1.675929,-0.202913,-0.125763,-1.805617
-0.366289,-0.129610,-1.587659,-0.354891,-0.151365,-1.802075
-0.500324,-0.056081,-1.463875,-0.537980,-0.025280,-1.720996
-0.575556,0.155890,-1.363895,-0.624499,0.220678,-1.633653
-0.588425,0.416483,-1.389986,-0.622184,0.492465,-1.612074
-0.454629,0.731285,-1.424414,-0.468898,0.789073,-1.473231
-0.314249,0.823668,-1.418482,-0.284095,0.857044,-1.344489
-0.236370,0.699317,-1.340184,-0.200598,0.753593,-1.312219
-0.273041,0.530179,-1.316153,-0.237066,0.579160,-1.330522
-0.288691,0.387052,-1.320837,-0.227467,0.407981,-1.327631
-0.249287,0.176768,-1.352537,-0.175049,0.175217,-1.392498
-0.238707,0.014234,-1.368759,-0.148121,0.052363,-1.500979
-0.206600,0.203767,-1.476234,-0.105934,0.222440,-1.518808
-0.165053,0.238287,-1.583816,-0.056160,0.245139,-1.590794
-0.169925,0.143703,-1.642890,-0.065010,0.137676,-1.667091
-0.205258,-0.106001,-1.683839,-0.120746,-0.106382,-1.785530
-0.307143,-0.307636,-1.601923,-0.254212,-0.310588,-1.761713
-0.443559,-0.381394,-1.516951,-0.461499,-0.392599,-1.671905
-0.591610,-0.291893,-1.448320,-0.665130,-0.245642,-1.612223
-0.649870,-0.026725,-1.524384,-0.728518,0.047839,-1.689150
-0.623401,0.283054,-1.645719,-0.703961,0.366459,-1.713875
-0.574514,0.478997,-1.739942,-0.626766,0.556030,-1.639561
-0.401264,0.468954,-1.678345,-0.413937,0.547206,-1.517990
-0.163326,0.400783,-1.649036,-0.125446,0.444490,-1.407175
0.149016,0.229947,-1.708078,0.182377,0.264545,-1.449152
0.425108,-0.051094,-1.684956,0.466324,0.084282,-1.639466
0.354389,-0.068423,-1.561666,0.560258,-0.013796,-1.739178
0.178913,0.270461,-1.532852,0.430177,0.260684,-1.510433
-0.010270,0.291032,-1.576603,0.183955,0.333752,-1.574205
-0.144177,0.290602,-1.620284,-0.017024,0.285316,-1.620527
-0.120064,0.027830,-1.676853,-0.007106,0.025812,-1.763107
-0.088921,-0.172308,-1.711795,0.025858,-0.198889,-1.835943
-0.180683,-0.367751,-1.652205,-0.067897,-0.374153,-1.877259
-0.293951,-0.429719,-1.567025,-0.232138,-0.445982,-1.808440
-0.441403,-0.387457,-1.464627,-0.434957,-0.381650,-1.715252
-0.552180,-0.314722,-1.377606,-0.537044,-0.265981,-1.696663
-0.544826,-0.097273,-1.331120,-0.507384,-0.023627,-1.659448
-0.518715,0.206884,-1.348252,-0.466645,0.260644,-1.543954
-0.426705,0.318704,-1.358328,-0.335957,0.376507,-1.521818
-0.349853,0.468785,-1.367921,-0.230831,0.499555,-1.440935
-0.244620,0.474615,-1.359923,-0.100386,0.482676,-1.397287
-0.111950,0.413872,-1.402471,0.059544,0.371129,-1.383858
0.093186,0.201416,-1.552297,0.224407,0.089671,-1.548852
0.046003,-0.147797,-1.699219,0.211484,-0.205524,-1.854588
-0.034927,-0.406776,-1.709438,0.127769,-0.427947,-1.993524
-0.161387,-0.537073,-1.599371,-0.023534,-0.572656,-1.940712
-0.330538,-0.584966,-1.394890,-0.208016,-0.595516,-1.820510
-0.402203,-0.327615,-1.286428,-0.328230,-0.335923,-1.665052
-0.411807,-0.039119,-1.291794,-0.356338,-0.045858,-1.601177
-0.397848,0.293662,-1.343956,-0.357547,0.312153,-1.605107
-0.366934,0.592963,-1.373954,-0.309363,0.626334,-1.574481
-0.216142,0.841663,-1.321258,-0.141209,0.866301,-1.425846
-0.003999,0.848114,-1.178752,0.077542,0.810682,-1.236688
0.172962,0.620071,-1.237969,0.244742,0.499640,-1.277301
0.329588,0.401841,-1.486292,0.398918,0.248942,-1.503061
0.300012,0.184336,-1.682032,0.448781,0.079146,-1.804121
0.173557,0.047105,-1.739384,0.386407,-0.042112,-1.984463
0.016420,0.008618,-1.747013,0.217194,-0.096997,-2.026040
-0.130149,-0.015180,-1.758166,0.046189,-0.135514,-2.072642
-0.271571,-0.068776,-1.731988,-0.114121,-0.201766,-2.101936
-0.426324,-0.076138,-1.691264,-0.354173,-0.237705,-2.103094
-0.590848,-0.061797,-1.659453,-0.617549,-0.249721,-2.095611
-0.775177,-0.006442,-1.666647,-0.885562,-0.206485,-2.127094
-0.931898,0.063500,-1.713213,-1.030465,-0.145245,-2.142976
-0.930327,0.116458,-1.761167,-1.016096,0.017457,-1.967750
-0.816937,0.176963,-1.824942,-0.873494,0.081846,-1.994006
-0.697980,0.219684,-1.852207,-0.781161,0.112312,-1.989050
-0.619454,0.215803,-1.879838,-0.676472,0.090959,-1.953525
-0.499479,0.181394,-1.933445,-0.537947,0.035872,-1.967819
-0.354226,0.132976,-1.978221,-0.373421,-0.007745,-2.030975
-0.189607,0.062631,-1.958549,-0.189245,-0.075062,-2.082777
-0.004481,0.062427,-1.986124,0.007179,-0.075159,-2.128417
0.215812,0.032918,-1.948708,0.240123,-0.112912,-2.184033
0.433193,-0.029842,-1.924114,0.478594,-0.179857,-2.264244
0.575150,-0.086719,-1.881719,0.685802,-0.228742,-2.310309
0.461961,-0.137901,-1.851922,0.643135,-0.197176,-2.156710
0.173561,-0.027088,-1.816610,0.392748,-0.054263,-1.923209
-0.035195,-0.029360,-1.756952,0.046434,-0.018774,-1.877985
-0.158568,-0.001887,-1.691358,-0.127778,0.001746,-1.818754
-0.100800,0.056881,-1.631231,-0.056806,0.071010,-1.767607
-0.015069,0.189658,-1.622957,0.036580,0.155715,-1.687711
-0.027894,0.304782,-1.711079,0.049879,0.241761,-1.676759
-0.173436,0.410459,-1.846944,-0.040602,0.364263,-1.810334
-0.351351,0.483414,-1.966249,-0.258492,0.471519,-1.935481
-0.519026,0.470453,-2.029533,-0.471648,0.455271,-2.014062
-0.657676,0.471986,-2.093854,-0.609201,0.406961,-2.004158
-0.660957,0.341969,-2.060874,-0.590381,0.230146,-1.912089
-0.496739,0.087520,-1.988959,-0.387067,-0.038946,-1.878054
-0.172130,-0.224466,-1.913206,-0.065025,-0.340480,-1.978528
0.027796,-0.439177,-1.881455,0.175007,-0.486066,-2.142954
0.047859,-0.485131,-1.691673,0.256020,-0.495980,-2.104523
-0.048880,-0.278557,-1.530202,0.147685,-0.334962,-1.885017
-0.156861,0.046685,-1.427511,-0.002689,-0.058195,-1.683356
-0.317811,0.384448,-1.489707,-0.222817,0.242894,-1.665538
-0.479368,0.475158,-1.607365,-0.473519,0.373784,-1.826056
-0.689391,0.509070,-1.685791,-0.753113,0.364766,-1.927688
-0.806153,0.484903,-1.775317,-0.840742,0.314921,-1.960027
-0.794726,0.409696,-1.851076,-0.769125,0.220952,-1.949077
-0.668735,0.296224,-1.910052,-0.609767,0.105850,-2.020310
-0.546183,0.249143,-1.956267,-0.468386,0.063404,-2.065090
-0.405956,0.197690,-2.005625,-0.283667,-0.005393,-2.084692
-0.154667,0.042918,-1.995156,0.018308,-0.162039,-2.163183
0.071765,-0.254421,-2.005563,0.290166,-0.385906,-2.382230
-0.047165,-0.253165,-1.982401,0.135102,-0.267969,-2.138893
-0.213540,-0.064504,-2.001353,-0.123029,-0.138962,-2.078889
-0.350002,-0.034112,-2.032242,-0.288379,-0.119272,-2.096128
-0.417437,-0.011474,-2.077047,-0.351324,-0.098595,-2.125675
-0.382447,0.002338,-2.108456,-0.279569,-0.067904,-2.161448
-0.177966,-0.070279,-2.036100,-0.035070,-0.126328,-2.183830
0.150504,-0.210881,-1.924340,0.307401,-0.245018,-2.257912
0.423968,-0.269829,-1.840831,0.596931,-0.334747,-2.289993
0.376558,-0.249788,-1.758429,0.633887,-0.290125,-2.121351
0.133496,-0.111722,-1.691392,0.426942,-0.167361,-1.909840
-0.092933,0.001885,-1.691609,0.181048,-0.114540,-1.851180
-0.229163,-0.042313,-1.718254,-0.134167,-0.103154,-1.888649
-0.423166,0.015076,-1.720897,-0.461034,-0.048739,-1.897534
-0.577193,0.087319,-1.763045,-0.649101,0.010784,-1.917349
-0.651560,0.127358,-1.849808,-0.685099,0.053548,-1.952551
-0.561545,0.080823,-1.843770,-0.540254,0.014336,-1.936794
-0.371945,-0.049523,-1.788647,-0.360285,-0.123813,-1.948379
-0.244460,-0.180332,-1.742091,-0.231339,-0.272011,-1.975667
-0.129238,-0.385581,-1.697652,-0.125910,-0.500526,-2.033932
-0.063207,-0.559980,-1.677034,-0.039913,-0.667607,-2.155903
-0.029378,-0.493816,-1.697285,0.013940,-0.593125,-2.217831
0.015617,-0.357782,-1.694587,0.066173,-0.456003,-2.223817
0.081510,-0.143979,-1.715342,0.127590,-0.275958,-2.185050
0.154837,0.145965,-1.764813,0.194941,0.004319,-2.137864
0.294284,0.485503,-1.800744,0.318437,0.329315,-2.042370
0.489502,0.607943,-1.743434,0.519472,0.464361,-1.970404
0.549542,0.465965,-1.727709,0.605682,0.306942,-2.020340
0.421567,0.285978,-1.851353,0.564344,0.186727,-2.017950
0.108508,0.294742,-1.948831,0.303053,0.310251,-1.909213
-0.083629,0.445796,-2.058931,0.039024,0.478298,-1.981627
-0.244109,0.574207,-2.211077,-0.150759,0.615786,-2.084564
-0.275645,0.523096,-2.263080,-0.182846,0.573136,-2.128231
-0.217108,0.327653,-2.154976,-0.125006,0.383832,-2.078299
-0.153360,0.072253,-2.041555,-0.083236,0.129413,-2.048265
-0.102881,-0.186742,-1.920898,-0.049550,-0.155613,-1.996338
-0.037698,-0.453838,-1.820112,0.012393,-0.422258,-1.991184
0.013173,-0.716005,-1.738881,0.068134,-0.706501,-1.986038
-0.011939,-0.730210,-1.695492,0.061328,-0.741966,-1.948487
-0.059921,-0.598408,-1.675294,0.020488,-0.609694,-1.899663
-0.128501,-0.223034,-1.726319,-0.088313,-0.230308,-1.840888
-0.144917,0.171049,-1.856002,-0.121242,0.175818,-1.864718
-0.161216,0.319773,-1.935148,-0.131580,0.334391,-1.893904
-0.163012,0.289743,-1.938656,-0.131620,0.298629,-1.885597
-0.146672,0.204627,-1.921089,-0.117290,0.192170,-1.866454
-0.129043,0.006557,-1.856933,-0.105808,0.000301,-1.871093
-0.094990,-0.187580,-1.800675,-0.077833,-0.214209,-1.846717
-0.060895,-0.320674,-1.790606,-0.042495,-0.358713,-1.863657
-0.035137,-0.414859,-1.792502,-0.008063,-0.457284,-1.893134
-0.038479,-0.472119,-1.798544,-0.006193,-0.514838,-1.917406
-0.025128,-0.532721,-1.787199,0.005847,-0.561059,-1.951272
-0.023103,-0.564873,-1.729788,0.014776,-0.582417,-1.951424
-0.024426,-0.529922,-1.706509,0.021289,-0.547922,-1.938822
-0.040674,-0.470037,-1.706873,0.010785,-0.488411,-1.932528
-0.056920,-0.444611,-1.665107,-0.005990,-0.460068,-1.907419
-0.082819,-0.366557,-1.671445,-0.033522,-0.387015,-1.889059
-0.120486,-0.238015,-1.678230,-0.081189,-0.251973,-1.870541
-0.130692,-0.118242,-1.682766,-0.093060,-0.129931,-1.854497
-0.146539,-0.010637,-1.713175,-0.114326,-0.012028,-1.866734
-0.144436,0.140249,-1.746341,-0.106512,0.147976,-1.867049
-0.127436,0.284070,-1.810875,-0.079975,0.294742,-1.878736
-0.136117,0.442218,-1.916671,-0.072274,0.461049,-1.913337
-0.166068,0.606050,-2.039129,-0.083002,0.633197,-1.950380
-0.205470,0.684342,-2.139252,-0.105545,0.732956,-2.005625
-0.233955,0.721432,-2.206459,-0.122908,0.792353,-2.042083
-0.266371,0.715410,-2.247432,-0.170587,0.782237,-2.068522
-0.252757,0.650441,-2.252526,-0.168687,0.701070,-2.062752
-0.200645,0.486140,-2.194861,-0.140799,0.535698,-2.049385
-0.137288,0.263097,-2.099897,-0.097127,0.296257,-2.001358
-0.130998,0.067999,-2.055333,-0.105731,0.081396,-1.979333
-0.117280,-0.078655,-2.041796,-0.098848,-0.080388,-1.970678
-0.104889,-0.222948,-2.015181,-0.089729,-0.221285,-1.982152
-0.083270,-0.361659,-1.989363,-0.067531,-0.368636,-1.978771
-0.047642,-0.518637,-1.985842,-0.030047,-0.532492,-2.007613
0.001745,-0.739172,-1.947186,0.017055,-0.747025,-2.049223
0.054024,-0.919445,-1.896657,0.069224,-0.933829,-2.065935
0.071253,-0.983255,-1.899808,0.091474,-1.020250,-2.081107
0.058136,-0.966937,-1.887675,0.083861,-0.989352,-2.105291
0.103229,-0.986014,-1.821858,0.141994,-0.976200,-2.148863
0.091059,-0.870584,-1.767489,0.135953,-0.863075,-2.083639
0.057225,-0.711669,-1.715130,0.098859,-0.706133,-1.993495
0.039090,-0.490458,-1.714599,0.076322,-0.485955,-1.924953
0.026980,-0.360286,-1.709603,0.070558,-0.354670,-1.884579
0.014605,-0.296044,-1.677949,0.059803,-0.294755,-1.843942
-0.006668,-0.239306,-1.667474,0.043171,-0.228333,-1.840637
-0.003791,-0.157029,-1.667756,0.048628,-0.159490,-1.807361
0.003581,-0.071069,-1.672803,0.070191,-0.066780,-1.802483
-0.019723,0.216531,-1.744351,0.041578,0.221028,-1.779953
-0.009992,0.576515,-1.852799,0.056402,0.599148,-1.779561
-0.035975,0.729829,-1.926564,0.050508,0.776312,-1.799028
-0.073182,0.790671,-1.972194,0.026962,0.838912,-1.794063
-0.115673,0.737115,-2.020818,-0.033114,0.789519,-1.846784
-0.113330,0.507433,-1.956795,-0.070189,0.543197,-1.838366
-0.122218,0.293713,-1.959882,-0.114553,0.262213,-1.846634
-0.125672,0.062003,-1.965800,-0.125122,0.041006,-1.922469
-0.143880,-0.040452,-1.972790,-0.148632,-0.057521,-1.944164
-0.175447,-0.069178,-1.984014,-0.180633,-0.067792,-1.974814
-0.178672,-0.064327,-2.000304,-0.178211,-0.062883,-1.972073
-0.122108,-0.207553,-1.969603,-0.121259,-0.198159,-1.997605
-0.012318,-0.577212,-1.861932,-0.031185,-0.538245,-2.041005
0.018527,-0.766925,-1.743552,-0.005365,-0.789250,-1.951968
-0.015721,-0.807349,-1.694279,-0.031694,-0.859740,-1.894391
-0.038463,-0.836773,-1.650073,-0.023401,-0.876742,-1.927644
-0.084674,-0.739985,-1.583227,-0.081287,-0.778181,-1.845019
-0.096708,-0.429180,-1.642262,-0.128535,-0.486529,-1.776480
-0.067353,-0.090234,-1.794524,-0.102644,-0.129383,-1.854234
-0.070245,-0.049259,-1.794004,-0.093427,-0.073275,-1.866872
-0.064560,-0.060292,-1.780624,-0.084575,-0.081359,-1.860774
-0.069705,-0.054044,-1.764667,-0.093667,-0.081926,-1.840846
-0.080287,-0.018434,-1.774275,-0.106038,-0.057703,-1.826155
-0.085366,-0.056690,-1.740049,-0.109225,-0.086277,-1.826739
-0.066295,-0.091368,-1.687468,-0.084073,-0.122030,-1.796622
-0.027345,-0.038865,-1.689833,-0.042719,-0.079817,-1.769150
-0.014251,0.020450,-1.687483,-0.029839,-0.010961,-1.770801
-0.049233,0.030896,-1.647272,-0.074291,0.009617,-1.748441
-0.126497,0.058959,-1.641336,-0.162961,0.051200,-1.750018
-0.231915,0.102991,-1.626832,-0.285459,0.095496,-1.727153
-0.330920,0.142556,-1.642409,-0.414227,0.126807,-1.720504
-0.369511,0.171892,-1.699804,-0.466624,0.141384,-1.744354
-0.348913,0.125744,-1.737513,-0.433279,0.082051,-1.760706
-0.270107,0.006281,-1.703298,-0.333446,-0.042705,-1.760939
-0.173368,-0.103800,-1.674684,-0.213636,-0.160691,-1.780867
-0.051682,-0.135168,-1.728073,-0.061559,-0.194041,-1.835225
0.066759,-0.125332,-1.789816,0.084822,-0.186416,-1.882340
0.158323,-0.095207,-1.856802,0.205571,-0.143567,-1.933727
0.214574,-0.024170,-1.859164,0.281289,-0.055442,-1.924517
0.240966,0.099885,-1.849058,0.320024,0.081363,-1.882196
0.227465,0.212420,-1.822300,0.317113,0.203438,-1.820862
0.180000,0.311653,-1.779981,0.272859,0.320111,-1.755411
0.108439,0.412853,-1.732871,0.207607,0.436721,-1.683436
0.004066,0.540530,-1.715382,0.092371,0.574062,-1.633788
-0.138612,0.639520,-1.737687,-0.093965,0.675997,-1.649616
-0.302297,0.644123,-1.780486,-0.317813,0.674628,-1.719308
-0.414511,0.570108,-1.793981,-0.471989,0.583991,-1.748586
-0.467654,0.460148,-1.775276,-0.550959,0.451008,-1.734164
-0.474056,0.294244,-1.731056,-0.564216,0.272741,-1.701385
-0.448070,0.147214,-1.690433,-0.534253,0.113391,-1.669165
-0.378661,-0.045380,-1.631635,-0.454759,-0.094037,-1.645215
-0.297393,-0.173713,-1.662126,-0.352174,-0.237221,-1.688895
-0.185574,-0.206993,-1.750437,-0.208132,-0.260007,-1.795156
-0.070520,-0.182310,-1.780719,-0.050981,-0.216720,-1.851443
0.011348,-0.153698,-1.779728,0.066530,-0.169592,-1.865661
0.053549,-0.064809,-1.778990,0.125039,-0.068978,-1.832703
0.069067,0.032433,-1.753652,0.151192,0.042099,-1.779112
0.056239,0.151259,-1.735442,0.137988,0.173940,-1.722746
0.031837,0.251394,-1.695931,0.110121,0.279169,-1.648902
-0.033189,0.374899,-1.686995,0.036335,0.410724,-1.599595
-0.137326,0.499155,-1.765325,-0.101585,0.541807,-1.635984
-0.277043,0.537202,-1.871633,-0.297983,0.576927,-1.735440
-0.412913,0.511008,-1.990737,-0.477959,0.535171,-1.843201
-0.518329,0.427108,-2.048181,-0.616616,0.427863,-1.881707
-0.565471,0.284428,-2.045563,-0.676023,0.265724,-1.856158
-0.540171,0.137536,-2.073056,-0.647945,0.112336,-1.873036
-0.453600,-0.034888,-2.018410,-0.544059,-0.055079,-1.875438
-0.313291,-0.178322,-1.927831,-0.369531,-0.185997,-1.909160
-0.086647,-0.235129,-1.850894,-0.113623,-0.257897,-1.927031
0.144324,-0.238144,-1.883914,0.145125,-0.276084,-1.985002
0.283215,-0.284414,-1.858487,0.313111,-0.316074,-2.022812
0.315078,-0.193552,-1.821324,0.374207,-0.218971,-1.964988
0.268401,-0.065036,-1.723319,0.349951,-0.068428,-1.865170
0.201944,0.102929,-1.621384,0.272016,0.102266,-1.734391
0.137186,0.225297,-1.542933,0.182204,0.214250,-1.641801
0.037620,0.247097,-1.487722,0.070805,0.239797,-1.600061
-0.046568,0.233634,-1.450423,-0.031748,0.211290,-1.561084
-0.095553,0.203936,-1.446507,-0.071782,0.176805,-1.561581
-0.100544,0.185767,-1.477994,-0.069512,0.153811,-1.592876
-0.084664,0.135142,-1.523099,-0.024424,0.098450,-1.642206
-0.062822,0.115265,-1.542862,0.007336,0.072463,-1.664209
-0.051613,0.064470,-1.520977,0.030439,0.021304,-1.662446
-0.034478,0.027268,-1.508737,0.042664,-0.020499,-1.670995
-0.034833,0.047482,-1.505239,0.042234,-0.006723,-1.654347
-0.016334,0.114678,-1.519616,0.057797,0.055992,-1.649247
-0.001783,0.150816,-1.528823,0.074601,0.083073,-1.631260
-0.017383,0.202524,-1.559146,0.063255,0.137336,-1.637428
-0.033465,0.205650,-1.582526,0.063726,0.146636,-1.648284
-0.042643,0.196962,-1.562039,0.066991,0.130985,-1.611484
-0.060426,0.199745,-1.550417,0.062687,0.127225,-1.579403
-0.069545,0.204135,-1.555062,0.077424,0.128892,-1.563198
-0.061630,0.162255,-1.531409,0.112034,0.089625,-1.545935
-0.074177,0.128814,-1.506115,0.114719,0.054209,-1.524507
-0.060878,0.125417,-1.516989,0.143811,0.035645,-1.505281
-0.072366,0.080460,-1.467719,0.162151,-0.004050,-1.475769
-0.092252,0.032715,-1.375798,0.164999,-0.052292,-1.419855
-0.120578,-0.012930,-1.250959,0.144412,-0.115078,-1.325477
-0.141096,-0.003748,-1.163695,0.117064,-0.148809,-1.221555
-0.158581,-0.007545,-1.094034,0.095146,-0.170774,-1.146724
-0.159007,0.012430,-1.021910,0.091107,-0.176049,-1.057973
-0.160724,-0.008086,-0.947604,0.086238,-0.199516,-0.991290
-0.155151,-0.046837,-0.856294,0.094796,-0.218812,-0.917471
-0.146115,-0.056665,-0.704586,0.089980,-0.233733,-0.780903
-0.177197,-0.100917,-0.541185,0.044379,-0.283347,-0.654785
-0.220435,-0.157956,-0.366097,-0.017030,-0.336425,-0.523355
-0.255782,-0.206600,-0.157118,-0.098038,-0.379662,-0.336956
-0.304130,-0.227715,0.080463,-0.201473,-0.394597,-0.112186
-0.303570,-0.210779,0.284811,-0.243586,-0.367117,0.095323
-0.285300,-0.174532,0.456850,-0.255662,-0.328819,0.270738
-0.305508,-0.169262,0.620511,-0.304103,-0.305378,0.432830
-0.328284,-0.158276,0.775765,-0.351674,-0.269216,0.587793
-0.346858,-0.145796,0.926560,-0.389701,-0.232735,0.739631
-0.332083,-0.131732,1.063199,-0.400827,-0.198176,0.893637
-0.348222,-0.140154,1.216182,-0.447345,-0.195388,1.054674
-0.354326,-0.194004,1.366976,-0.472075,-0.192872,1.256884
-0.345284,-0.214643,1.548472,-0.493242,-0.178617,1.476617
-0.358938,-0.222856,1.736055,-0.528904,-0.151331,1.682181
-0.335217,-0.212404,1.854097,-0.507411,-0.127716,1.797989
-0.295971,-0.263384,1.979514,-0.462484,-0.131164,1.962524
-0.247069,-0.319601,2.119023,-0.429916,-0.130927,2.143739
-0.235860,-0.285462,2.280319,-0.391312,-0.053953,2.305470
-0.189743,-0.297483,2.413487,-0.322327,-0.027008,2.449012
-0.173836,-0.322421,2.556980,-0.263424,-0.047565,2.599295
-0.179464,-0.326093,2.604251,-0.258909,-0.058983,2.649963
-0.168038,-0.332391,2.611347,-0.233551,-0.075813,2.661577
-0.163669,-0.333782,2.574328,-0.226212,-0.078661,2.637544
-0.161128,-0.346257,2.582318,-0.208233,-0.103685,2.657968
-0.149829,-0.316890,2.570010,-0.189525,-0.109053,2.656637
-0.127850,-0.249370,2.530277,-0.170407,-0.070236,2.623887
-0.113233,-0.219717,2.502720,-0.156494,-0.039040,2.609655
-0.087738,-0.168048,2.463943,-0.131963,-0.004936,2.576027
-0.066838,-0.112419,2.393286,-0.126312,0.043814,2.499602
-0.030994,-0.051994,2.291819,-0.118467,0.080058,2.374903
0.017178,-0.018341,2.125355,-0.123212,0.053977,2.152621
-0.017041,-0.081638,1.964436,-0.169975,-0.024150,2.011408
-0.081790,-0.133682,1.862955,-0.264739,-0.072416,1.935193
-0.136906,-0.162760,1.803100,-0.353937,-0.105601,1.892284
-0.108121,-0.120358,1.682288,-0.336688,-0.104699,1.751088
-0.070947,-0.059932,1.541235,-0.306978,-0.102279,1.570982
-0.082237,-0.074958,1.443360,-0.313256,-0.106894,1.485366
-0.104559,-0.066835,1.407198,-0.331063,-0.103209,1.448592
-0.118436,-0.065034,1.358346,-0.355854,-0.107937,1.404648
-0.105738,-0.066280,1.318607,-0.341050,-0.105903,1.373572
-0.113568,0.013643,1.263203,-0.330113,-0.072131,1.277246
-0.100006,0.068403,1.178655,-0.298451,-0.061262,1.155745
-0.087461,0.086541,1.075203,-0.262362,-0.056978,1.044855
-0.080312,0.099900,0.991547,-0.239911,-0.046859,0.960528
-0.095151,0.106312,0.936719,-0.237202,-0.043810,0.896802
-0.139221,0.113389,0.854652,-0.266839,-0.059696,0.798745
-0.168466,0.082675,0.802184,-0.288202,-0.081798,0.746643
-0.192391,0.076027,0.763996,-0.298238,-0.091167,0.704721
-0.220632,0.097365,0.734825,-0.313736,-0.070980,0.661844
-0.225447,0.096720,0.684814,-0.308407,-0.076353,0.609260
-0.220302,0.088414,0.602189,-0.293825,-0.106443,0.519310
-0.230750,0.065625,0.507533,-0.286675,-0.132760,0.419526
-0.229319,0.045878,0.420622,-0.269298,-0.154688,0.332440
-0.220486,0.016786,0.334295,-0.240353,-0.186185,0.246726
-0.217215,-0.008484,0.242501,-0.218914,-0.227314,0.145847
-0.201765,-0.004671,0.117040,-0.178597,-0.222321,0.015442
-0.141087,0.028234,-0.008630,-0.094156,-0.178262,-0.101617
-0.082179,0.053488,-0.141147,-0.012763,-0.139258,-0.222490
-0.040352,0.086779,-0.277007,0.048992,-0.070736,-0.347470
-0.062112,0.067206,-0.376134,0.043893,-0.067696,-0.460147
-0.122524,0.047712,-0.465053,-0.011885,-0.064123,-0.563152
-0.163285,0.032037,-0.549283,-0.047672,-0.060406,-0.660075
-0.169902,0.024897,-0.607227,-0.056389,-0.053949,-0.725797
-0.177410,0.029668,-0.658846,-0.070844,-0.037179,-0.781670
-0.185385,0.068682,-0.727721,-0.086260,0.012081,-0.848601
-0.214064,0.072210,-0.804523,-0.127750,0.038850,-0.934386
-0.224035,0.112793,-0.881708,-0.150702,0.086966,-1.004082
-0.217899,0.143081,-0.980857,-0.167481,0.111150,-1.079544
-0.213287,0.131072,-1.088891,-0.173418,0.111921,-1.190803
-0.209615,0.124627,-1.172445,-0.176258,0.114542,-1.279882
-0.222433,0.145973,-1.259453,-0.202320,0.138715,-1.363858
-0.223200,0.169598,-1.351047,-0.213070,0.140872,-1.425717
-0.227464,0.181882,-1.475177,-0.231554,0.144474,-1.521418
-0.217590,0.184995,-1.585027,-0.220836,0.133685,-1.598737
-0.190669,0.190329,-1.734556,-0.200765,0.115250,-1.692878
-0.145405,0.191762,-1.911808,-0.149451,0.104252,-1.810104
-0.097216,0.222507,-2.111376,-0.109248,0.105759,-1.916236
-0.055340,0.194686,-2.273584,-0.057353,0.098509,-2.065675
-0.020609,0.114150,-2.316508,-0.003785,0.052624,-2.163368
-0.015713,0.026477,-2.263746,0.025513,0.012879,-2.206255
-0.035266,-0.021705,-2.115736,0.017639,0.015008,-2.139134
-0.067231,-0.003235,-1.911608,-0.024234,0.047720,-1.970676
-0.123404,0.026088,-1.710319,-0.096842,0.106266,-1.819986
-0.180196,0.129051,-1.557303,-0.176096,0.203708,-1.665763
-0.233082,0.254481,-1.486042,-0.246003,0.328641,-1.577940
-0.292668,0.375134,-1.491751,-0.325037,0.441123,-1.551453
-0.364581,0.536188,-1.604599,-0.426738,0.548689,-1.581993
-0.421053,0.466092,-1.695481,-0.506012,0.475190,-1.678213
-0.446750,0.409516,-1.737254,-0.540569,0.401737,-1.704241
-0.467153,0.295886,-1.772452,-0.567465,0.287964,-1.759954
-0.446424,0.203634,-1.750721,-0.538420,0.181469,-1.719194
-0.418440,0.096386,-1.788170,-0.514509,0.050101,-1.730918
-0.380716,-0.057803,-1.799757,-0.459644,-0.103469,-1.808134
-0.337878,-0.117562,-1.857974,-0.393234,-0.176490,-1.840396
-0.264950,-0.193804,-1.944574,-0.283742,-0.252863,-1.943099
-0.166407,-0.226635,-2.014184,-0.158037,-0.286160,-2.018000
-0.079141,-0.254503,-2.080661,-0.039109,-0.297652,-2.104075
0.034976,-0.268837,-2.095755,0.103742,-0.298267,-2.147403
0.131534,-0.299921,-2.085966,0.228952,-0.308796,-2.180654
0.161485,-0.272329,-2.047511,0.286688,-0.266050,-2.146971
0.171123,-0.275505,-1.962619,0.305551,-0.274074,-2.072581
0.140936,-0.209498,-1.866311,0.277285,-0.206594,-1.969638
0.104394,-0.140817,-1.758172,0.230296,-0.129788,-1.856946
0.047396,0.043024,-1.674371,0.147579,0.049472,-1.728852
-0.001667,0.173011,-1.605655,0.078644,0.192339,-1.637457
-0.052571,0.299968,-1.548573,0.003998,0.322010,-1.556783
-0.120557,0.374219,-1.512440,-0.086669,0.433533,-1.535389
-0.214304,0.486862,-1.504619,-0.230247,0.553298,-1.531358
-0.325257,0.545760,-1.550145,-0.375071,0.608495,-1.574336
-0.378583,0.559780,-1.582614,-0.438980,0.585381,-1.552140
-0.440798,0.487436,-1.661166,-0.515858,0.492524,-1.606265
-0.464718,0.367788,-1.701080,-0.548071,0.373082,-1.664922
-0.501051,0.271182,-1.748121,-0.596012,0.264553,-1.711239
-0.495721,0.150659,-1.767681,-0.595429,0.143670,-1.755806
-0.500553,0.091280,-1.814965,-0.614443,0.045489,-1.757872
-0.495879,0.014360,-1.957471,-0.581669,-0.056986,-1.829670
-0.416750,-0.103379,-2.074190,-0.485145,-0.180063,-1.946618
-0.330100,-0.195976,-2.185810,-0.379647,-0.276087,-2.067192
-0.233845,-0.259073,-2.283448,-0.256524,-0.337987,-2.174579
-0.133514,-0.300674,-2.341498,-0.116243,-0.358754,-2.284620
-0.013246,-0.313557,-2.369106,0.030722,-0.355116,-2.345381
0.112229,-0.325641,-2.369853,0.183308,-0.334908,-2.394658
0.182504,-0.297942,-2.275269,0.275885,-0.289467,-2.332677
0.207674,-0.342405,-2.147680,0.319298,-0.303705,-2.268995
0.181648,-0.266948,-1.999670,0.289136,-0.258535,-2.113950
0.146903,-0.205542,-1.856855,0.256904,-0.191241,-1.985074
0.083984,-0.074543,-1.717936,0.175620,-0.076832,-1.819753
0.017979,0.027050,-1.611378,0.097748,0.027523,-1.704762
-0.057471,0.141607,-1.520973,0.000830,0.139885,-1.600472
-0.143289,0.230476,-1.458427,-0.100227,0.253327,-1.552663
-0.243846,0.400117,-1.444535,-0.254647,0.414400,-1.514616
-0.379239,0.497778,-1.492388,-0.440730,0.536457,-1.588751
-0.488623,0.582752,-1.567591,-0.570047,0.599829,-1.614639
-0.529796,0.565078,-1.629526,-0.590292,0.561617,-1.611048
-0.488818,0.459593,-1.656353,-0.543672,0.440150,-1.615591
-0.474917,0.362911,-1.728616,-0.546856,0.351756,-1.699265
-0.462219,0.313187,-1.809446,-0.529416,0.290653,-1.748138
-0.431907,0.243296,-1.864046,-0.482633,0.215295,-1.789068
-0.375179,0.154949,-1.873002,-0.409371,0.123589,-1.795413
-0.317080,0.064434,-1.884789,-0.333523,0.027424,-1.805927
-0.236889,-0.031112,-1.892209,-0.236201,-0.065291,-1.834174
-0.146384,-0.122392,-1.910311,-0.136446,-0.159124,-1.869553
-0.042045,-0.203054,-1.907783,-0.013625,-0.234567,-1.910048
0.079396,-0.272499,-1.921044,0.124170,-0.303159,-1.967039
0.167616,-0.292906,-1.916691,0.220621,-0.313005,-1.999224
0.236304,-0.281098,-1.880577,0.297317,-0.281246,-2.000753
0.314444,-0.253491,-1.810168,0.383376,-0.248979,-1.963402
0.342064,-0.193620,-1.718547,0.415848,-0.199476,-1.876769
0.299530,-0.087581,-1.627047,0.382807,-0.108087,-1.753718
0.228563,0.014799,-1.533921,0.302549,-0.002401,-1.654454
0.162216,0.127676,-1.440138,0.217342,0.106833,-1.546216
0.067655,0.213545,-1.391521,0.100649,0.197625,-1.495373
-0.053033,0.322730,-1.357215,-0.049101,0.330082,-1.478053
-0.183829,0.462400,-1.379687,-0.232004,0.476366,-1.509098
-0.320698,0.496939,-1.417432,-0.410300,0.519514,-1.580422
-0.416202,0.482948,-1.422896,-0.533342,0.494433,-1.596048
-0.495045,0.423169,-1.410972,-0.646274,0.437751,-1.632891
-0.564161,0.376794,-1.414814,-0.715129,0.375697,-1.615434
-0.577033,0.312543,-1.482745,-0.717950,0.290453,-1.656102
-0.566881,0.291437,-1.597581,-0.680509,0.234771,-1.665903
-0.482927,0.195581,-1.753964,-0.554987,0.103764,-1.710766
-0.312370,0.022436,-1.894398,-0.356863,-0.071701,-1.842275
-0.145743,-0.119525,-2.022132,-0.197853,-0.188449,-1.988843
-0.065063,-0.155155,-2.124450,-0.099802,-0.207663,-2.110967
0.021393,-0.156423,-2.194952,0.011018,-0.196329,-2.186235
0.128361,-0.202407,-2.195526,0.133747,-0.214942,-2.252791
0.205650,-0.191371,-2.160066,0.221739,-0.201392,-2.240284
0.253737,-0.120323,-2.138807,0.277861,-0.126331,-2.218550
0.293638,-0.051966,-2.092722,0.327837,-0.046236,-2.176375
0.300053,0.054837,-2.024685,0.347582,0.068580,-2.095761
0.283712,0.110278,-1.944415,0.343692,0.135599,-2.019113
0.238410,0.225271,-1.899232,0.304209,0.244571,-1.936523
0.170410,0.306108,-1.864740,0.236743,0.334187,-1.883755
0.080813,0.409309,-1.838771,0.140759,0.434143,-1.827478
-0.023728,0.504321,-1.857331,0.020205,0.524496,-1.814142
-0.136658,0.560562,-1.890049,-0.117789,0.583210,-1.836838
-0.238768,0.571081,-1.920362,-0.246761,0.591024,-1.869042
-0.300086,0.507132,-1.912470,-0.325504,0.511667,-1.856130
-0.321236,0.407087,-1.892337,-0.355319,0.399383,-1.835318
-0.310236,0.248501,-1.848146,-0.344356,0.239786,-1.823296
-0.292258,0.152340,-1.838100,-0.320938,0.136244,-1.813721
-0.246909,0.057339,-1.826876,-0.263478,0.040443,-1.819335
-0.201014,-0.017062,-1.825833,-0.207764,-0.026530,-1.838834
-0.166816,-0.050013,-1.835025,-0.162978,-0.052150,-1.859056
-0.130599,-0.072266,-1.822555,-0.112223,-0.064030,-1.868459
-0.083236,-0.125873,-1.817016,-0.055265,-0.110355,-1.892753
-0.052074,-0.175478,-1.785883,-0.015888,-0.154731,-1.895906
-0.030116,-0.288041,-1.710051,0.011586,-0.274024,-1.869995
-0.016067,-0.537750,-1.600384,0.026382,-0.529668,-1.847855
-0.046975,-0.668098,-1.482814,0.004489,-0.677127,-1.782669
-0.072264,-0.586174,-1.474362,-0.029505,-0.620145,-1.732643
-0.072635,-0.342030,-1.587072,-0.043437,-0.380102,-1.763454
-0.057435,-0.032890,-1.735722,-0.038850,-0.057102,-1.832067
-0.069529,0.161416,-1.839072,-0.048503,0.151303,-1.881359
-0.095359,0.290536,-1.926005,-0.074066,0.289526,-1.921566
-0.102179,0.370738,-1.977993,-0.073139,0.380892,-1.932035
-0.075576,0.330464,-1.956346,-0.040664,0.337058,-1.906396
-0.047424,0.233410,-1.957020,-0.008699,0.236262,-1.914440
-0.025704,0.135562,-1.968833,0.013997,0.139374,-1.937178
-0.008807,0.073864,-1.962095,0.033757,0.078866,-1.941521
-0.004501,-0.014454,-1.956882,0.041942,-0.005852,-1.952914
-0.014813,-0.086730,-1.939579,0.031740,-0.069607,-1.963155
-0.017400,-0.187729,-1.901044,0.024819,-0.168231,-1.963768
-0.000947,-0.425041,-1.794041,0.023063,-0.399677,-1.946152
-0.011782,-0.585647,-1.697984,0.007076,-0.571052,-1.905868
-0.033546,-0.619671,-1.616046,-0.014598,-0.625637,-1.847533
-0.057512,-0.581408,-1.589492,-0.039187,-0.610471,-1.799327
-0.068491,-0.368691,-1.673441,-0.050930,-0.410262,-1.795436
-0.048983,-0.091102,-1.790471,-0.032698,-0.106165,-1.852602
-0.046528,0.007029,-1.795013,-0.023779,-0.005022,-1.831628
-0.043310,0.084622,-1.822212,-0.006078,0.077134,-1.823018
-0.043496,0.123346,-1.846608,0.003318,0.122139,-1.824256
-0.048414,0.167651,-1.867726,0.003141,0.172137,-1.819470
-0.049068,0.187568,-1.885585,0.006950,0.198382,-1.821144
-0.044854,0.122954,-1.878508,0.011644,0.139921,-1.827421
-0.040800,0.025767,-1.860767,0.014461,0.046369,-1.830750
-0.039892,-0.092668,-1.834428,0.014165,-0.067402,-1.837864
-0.041235,-0.254074,-1.777828,0.013217,-0.218168,-1.844888
-0.053990,-0.412064,-1.693976,0.001369,-0.375902,-1.818663
-0.061272,-0.612110,-1.599129,0.002180,-0.572255,-1.808372
-0.080275,-0.864097,-1.464768,-0.010167,-0.844747,-1.756714
-0.105704,-0.989360,-1.376314,-0.026803,-1.009984,-1.709825
-0.119322,-0.938570,-1.369471,-0.054503,-0.975835,-1.685875
-0.106609,-0.688695,-1.469009,-0.063931,-0.731302,-1.700909
-0.061502,-0.233145,-1.653844,-0.046094,-0.269449,-1.772588
-0.048393,0.041079,-1.770423,-0.039516,0.012298,-1.808172
-0.063682,0.071933,-1.788808,-0.057704,0.050984,-1.824117
-0.066095,0.044164,-1.778321,-0.062458,0.027701,-1.824289
-0.068165,0.048124,-1.785605,-0.060071,0.030764,-1.821360
-0.071524,0.096365,-1.822768,-0.059875,0.076841,-1.826342
-0.072255,0.116261,-1.857074,-0.054601,0.095993,-1.836500
-0.070058,0.104356,-1.898194,-0.044401,0.082969,-1.856172
-0.040196,-0.005726,-1.883198,-0.002011,-0.028247,-1.867224
0.032080,-0.155954,-1.860053,0.082257,-0.174572,-1.905005
0.065688,-0.282270,-1.822217,0.124740,-0.291595,-1.933634
0.074527,-0.377072,-1.773328,0.132850,-0.385309,-1.934382
0.072360,-0.543504,-1.685104,0.122953,-0.551294,-1.926557
0.076560,-0.790587,-1.570246,0.102410,-0.807791,-1.903411
0.062718,-0.797562,-1.517547,0.088436,-0.847631,-1.859557
0.050659,-0.681740,-1.515146,0.060803,-0.752626,-1.824010
0.045839,-0.430986,-1.575385,0.040380,-0.498062,-1.840728
0.039266,-0.213248,-1.669020,0.027231,-0.283576,-1.865061
0.029034,-0.097732,-1.698978,0.006764,-0.169751,-1.877938
0.022200,-0.056883,-1.692629,-0.006303,-0.132204,-1.880512
0.025019,-0.045347,-1.681371,-0.010586,-0.129054,-1.884306
0.032615,-0.051272,-1.649948,-0.005263,-0.140117,-1.889512
0.035866,-0.046155,-1.645321,-0.010708,-0.151218,-1.885587
0.043492,-0.043641,-1.636901,-0.004484,-0.154622,-1.903360
0.047494,-0.017874,-1.630244,-0.004717,-0.139780,-1.907399
0.047994,0.036476,-1.650998,-0.009016,-0.099043,-1.929621
0.060010,0.060467,-1.679133,0.003292,-0.082303,-1.971811
0.101518,0.089426,-1.725755,0.040981,-0.073874,-2.003438
0.171051,0.083281,-1.748730,0.117626,-0.085643,-2.057128
0.304248,0.111157,-1.763788,0.253167,-0.086715,-2.088540
0.469825,0.100626,-1.794432,0.434339,-0.109272,-2.158454
0.616870,0.100644,-1.801628,0.608372,-0.136289,-2.208880
0.647346,0.068223,-1.806356,0.702005,-0.137051,-2.192430
0.533734,0.003709,-1.796696,0.644538,-0.068489,-2.018688
0.309036,-0.002603,-1.751396,0.445525,-0.042686,-1.924271
0.146815,0.002906,-1.692362,0.178718,-0.053527,-1.889592
0.014552,0.022122,-1.650468,-0.020355,-0.061897,-1.861304
-0.060414,0.034376,-1.648639,-0.118098,-0.066000,-1.859833
-0.088117,0.031444,-1.647724,-0.150096,-0.073177,-1.886678
-0.099752,0.053796,-1.667971,-0.168038,-0.059527,-1.907163
-0.095562,0.082238,-1.681804,-0.173409,-0.045441,-1.916868
-0.074559,0.103643,-1.694620,-0.151048,-0.030851,-1.936022
-0.021387,0.116909,-1.714917,-0.092779,-0.032287,-1.956354
0.054707,0.125085,-1.730766,-0.015984,-0.035109,-1.980453
0.154457,0.135800,-1.744706,0.087159,-0.037637,-2.005817
0.277913,0.142895,-1.731431,0.219361,-0.043102,-2.031574
0.437733,0.153446,-1.687400,0.384432,-0.054763,-2.038727
0.603664,0.149198,-1.668533,0.565114,-0.101818,-2.064510
0.623298,0.097380,-1.693776,0.664777,-0.046778,-1.930317
0.457360,0.108359,-1.714820,0.592794,0.068092,-1.753241
0.238769,0.022871,-1.691832,0.399933,0.002539,-1.812478
0.066181,0.064205,-1.645774,0.110151,0.007177,-1.776203
-0.056395,0.073631,-1.640063,-0.064189,0.007266,-1.781978
-0.083307,0.055000,-1.639674,-0.094290,-0.015004,-1.798763
-0.090079,0.069851,-1.645926,-0.109313,-0.016684,-1.796137
-0.098688,0.049867,-1.667966,-0.123784,-0.032994,-1.833941
-0.119478,0.075933,-1.681527,-0.150212,-0.012077,-1.843450
-0.124959,0.092701,-1.679630,-0.153955,0.006441,-1.856417
-0.076672,0.127269,-1.726168,-0.095788,0.023864,-1.857211
0.018677,0.115036,-1.743230,0.014792,0.014809,-1.888506
0.146392,0.157234,-1.758294,0.148810,0.029351,-1.882991
0.286586,0.138660,-1.770264,0.301680,0.009998,-1.915930
0.450531,0.144742,-1.765912,0.487877,-0.012237,-1.916750
0.530604,0.027197,-1.741241,0.685009,-0.143521,-2.063825
0.419487,0.002089,-1.738855,0.662475,-0.083550,-1.901088
0.142120,0.037008,-1.697125,0.396562,0.016025,-1.686405
-0.070114,0.077445,-1.662378,0.049814,0.065056,-1.648068
-0.180508,0.060361,-1.610102,-0.087282,0.030789,-1.587351
-0.212332,0.060964,-1.611106,-0.109887,0.022394,-1.561909
-0.204208,0.065836,-1.612579,-0.077263,0.011286,-1.518439
-0.189182,0.106419,-1.694013,-0.035722,0.029975,-1.510029
-0.189951,0.055810,-1.757517,-0.004903,0.003294,-1.575485
-0.185789,-0.009812,-1.739014,0.028562,-0.029872,-1.592333
-0.173287,-0.077927,-1.627850,0.055294,-0.066797,-1.534095
-0.166317,-0.073613,-1.500320,0.056943,-0.070503,-1.407582
-0.166503,-0.125137,-1.321352,0.057924,-0.099061,-1.286349
-0.147447,-0.122348,-1.119597,0.061438,-0.122199,-1.101119
-0.141628,-0.135479,-0.916058,0.044793,-0.149023,-0.923606
-0.136661,-0.132479,-0.729190,0.027417,-0.149011,-0.753894
-0.143858,-0.138157,-0.548810,-0.003807,-0.144884,-0.584831
-0.155393,-0.184250,-0.325986,-0.040251,-0.182644,-0.384101
-0.156603,-0.179598,-0.129472,-0.053894,-0.200050,-0.175288
-0.166779,-0.143325,0.022620,-0.070180,-0.176328,-0.007553
-0.174491,-0.077761,0.125567,-0.080990,-0.155043,0.093478
-0.194914,0.019558,0.159847,-0.118225,-0.108970,0.083105
-0.203861,0.094585,0.109599,-0.127604,-0.080944,-0.013724
-0.208844,0.185592,-0.007791,-0.119682,-0.002851,-0.139313
-0.176836,0.236617,-0.180745,-0.070770,0.034752,-0.302798
-0.110729,0.218879,-0.396232,0.008943,0.013273,-0.488972
-0.050284,0.167586,-0.600077,0.077631,-0.008323,-0.676282
-0.023038,0.108323,-0.773707,0.109211,-0.016395,-0.847508
-0.015675,0.118057,-0.913748,0.111549,0.023939,-0.978673
0.001131,0.167332,-1.067071,0.116912,0.066694,-1.088477
-0.027603,0.150269,-1.216198,0.059612,0.090213,-1.237651
-0.060818,0.169857,-1.340631,0.000428,0.120256,-1.352952
-0.040125,0.139500,-1.491160,0.014535,0.083058,-1.476941
-0.033952,0.102068,-1.622867,0.005334,0.038187,-1.590921
0.000528,0.116909,-1.837141,0.037209,0.020728,-1.726883
0.069402,0.095716,-2.123826,0.108547,0.001989,-1.940502
0.196916,-0.005137,-2.305909,0.250275,-0.060164,-2.164163
0.324099,-0.049994,-2.533298,0.396977,-0.040689,-2.382527
0.435612,-0.150929,-2.622381,0.541802,-0.064402,-2.521929
0.523828,-0.236577,-2.482106,0.680638,-0.093719,-2.474720
0.549245,-0.217735,-2.231636,0.755223,-0.057610,-2.255389
0.583032,-0.167954,-1.983425,0.811041,-0.076267,-2.010681
0.601777,-0.216890,-1.714270,0.850026,-0.120906,-1.810011
0.553161,-0.156936,-1.425199,0.818050,-0.126780,-1.513414
0.486066,0.032811,-1.174302,0.722156,-0.028486,-1.187752
0.370437,0.244375,-0.986839,0.587804,0.160455,-0.942341
0.260185,0.480352,-0.894771,0.473085,0.389230,-0.781136
0.156717,0.711875,-0.930290,0.362858,0.614940,-0.732555
-0.048888,0.825125,-1.102966,0.139898,0.774910,-0.880337
-0.272890,0.858003,-1.324385,-0.159462,0.868833,-1.135424
-0.456765,0.815443,-1.505661,-0.420117,0.844135,-1.365680
-0.546623,0.716354,-1.618001,-0.523839,0.722003,-1.460989
-0.512493,0.555825,-1.658468,-0.461076,0.546640,-1.481986
-0.374958,0.452223,-1.718949,-0.291033,0.455340,-1.519608
-0.185572,0.127171,-1.504436,-0.098548,0.149611,-1.490985
-0.006484,-0.288563,-1.316857,0.088492,-0.267751,-1.512022
0.154875,-0.469863,-1.251328,0.302058,-0.464459,-1.581393
0.287777,-0.388168,-1.319727,0.439917,-0.382095,-1.618813
0.391996,-0.157327,-1.366294,0.538660,-0.169667,-1.558403
0.433330,0.088358,-1.387666,0.584625,0.059374,-1.483112
0.456132,0.269294,-1.380921,0.628561,0.239950,-1.418118
0.462718,0.416983,-1.339102,0.636220,0.383669,-1.330421
0.478756,0.501895,-1.340353,0.636802,0.470764,-1.309049
0.483579,0.585690,-1.362742,0.640645,0.546130,-1.297018
0.487536,0.681834,-1.403929,0.645844,0.648170,-1.293852
0.525550,0.715715,-1.446302,0.681825,0.694508,-1.318188
0.532651,0.677476,-1.501334,0.686401,0.668474,-1.380619
0.486695,0.605023,-1.601088,0.642896,0.605770,-1.492359
0.412629,0.472678,-1.682529,0.523521,0.482293,-1.623760
0.360292,0.349732,-1.711117,0.434864,0.361479,-1.700535
0.339043,0.216059,-1.760136,0.397880,0.229283,-1.787432
0.323071,0.099110,-1.795932,0.366828,0.109728,-1.854954
0.309094,-0.113524,-1.838373,0.327624,-0.096710,-1.966813
0.260330,-0.283344,-1.977135,0.256027,-0.287914,-2.133909
0.177045,-0.262887,-2.125392,0.160438,-0.274306,-2.267557
0.079186,-0.167254,-2.201502,0.059970,-0.177529,-2.312445
0.032696,-0.074799,-2.272254,0.013587,-0.078378,-2.353709
