-307.000000,1737.000000,-15.000000,-8603.000000,83.000000,2871.000000,188.000000,-44.000000,312.000000
293.000000,2844.000000,-409.000000,-7850.000000,-137.000000,2992.000000,184.000000,-38.000000,306.000000
228.000000,3230.000000,-725.000000,-7123.000000,-46.000000,3583.000000,184.000000,-42.000000,278.000000
82.000000,1595.000000,-314.000000,-6368.000000,440.000000,3919.000000,171.000000,-53.000000,261.000000
171.000000,689.000000,-375.000000,-6918.000000,6.000000,3896.000000,168.000000,-44.000000,262.000000
343.000000,861.000000,-737.000000,-6975.000000,-310.000000,3996.000000,170.000000,-40.000000,256.000000
-260.000000,1744.000000,-275.000000,-6161.000000,-737.000000,4316.000000,162.000000,-54.000000,246.000000
-947.000000,1470.000000,596.000000,-6024.000000,-531.000000,4607.000000,162.000000,-58.000000,244.000000
-990.000000,993.000000,972.000000,-6107.000000,263.000000,4529.000000,158.000000,-62.000000,240.000000
-507.000000,657.000000,684.000000,-6021.000000,676.000000,4661.000000,145.000000,-61.000000,225.000000
-605.000000,407.000000,757.000000,-5850.000000,602.000000,4977.000000,147.000000,-57.000000,219.000000
-620.000000,649.000000,778.000000,-5766.000000,472.000000,5004.000000,140.000000,-54.000000,228.000000
-1453.000000,1692.000000,1438.000000,-5872.000000,24.000000,5216.000000,140.000000,-48.000000,218.000000
-2191.000000,2545.000000,1651.000000,-5778.000000,19.000000,5408.000000,128.000000,-60.000000,210.000000
-2556.000000,3155.000000,1251.000000,-5316.000000,174.000000,5287.000000,111.000000,-63.000000,195.000000
-2408.000000,3558.000000,843.000000,-4606.000000,831.000000,5168.000000,97.000000,-67.000000,179.000000
-2131.000000,3624.000000,490.000000,-3621.000000,1335.000000,5243.000000,88.000000,-82.000000,176.000000
-2376.000000,3181.000000,-433.000000,-3321.000000,1950.000000,5919.000000,64.000000,-94.000000,162.000000
-2065.000000,3158.000000,-567.000000,-862.000000,3065.000000,4758.000000,49.000000,-109.000000,155.000000
1239.000000,2440.000000,1239.000000,-715.000000,3439.000000,4529.000000,24.000000,-122.000000,158.000000
2651.000000,1738.000000,2508.000000,-929.000000,2622.000000,5560.000000,10.000000,-118.000000,154.000000
1462.000000,1460.000000,1547.000000,-890.000000,1744.000000,6841.000000,5.000000,-93.000000,153.000000
174.000000,336.000000,1629.000000,-682.000000,1151.000000,6376.000000,-8.000000,-90.000000,154.000000
-59.000000,604.000000,1101.000000,-2750.000000,1819.000000,6564.000000,-13.000000,-89.000000,151.000000
80.000000,422.000000,666.000000,-601.000000,1976.000000,6088.000000,-17.000000,-87.000000,155.000000
-392.000000,307.000000,853.000000,-1613.000000,1674.000000,7566.000000,-24.000000,-88.000000,162.000000
-671.000000,528.000000,700.000000,-707.000000,1931.000000,5617.000000,-19.000000,-91.000000,159.000000
-360.000000,1330.000000,1209.000000,596.000000,1812.000000,6662.000000,-23.000000,-93.000000,161.000000
-1715.000000,208.000000,2293.000000,1091.000000,1223.000000,7613.000000,-40.000000,-96.000000,154.000000
-2048.000000,-639.000000,2689.000000,236.000000,1362.000000,6574.000000,-41.000000,-103.000000,163.000000
-2500.000000,-1019.000000,3413.000000,-379.000000,1541.000000,6579.000000,-33.000000,-123.000000,157.000000
-3110.000000,-840.000000,3937.000000,-1593.000000,1812.000000,6486.000000,-23.000000,-137.000000,151.000000
-2939.000000,-765.000000,4182.000000,-3125.000000,2555.000000,4864.000000,-14.000000,-164.000000,160.000000
-2413.000000,506.000000,4052.000000,-5143.000000,2379.000000,4574.000000,-6.000000,-174.000000,158.000000
-3344.000000,657.000000,2758.000000,-7504.000000,2153.000000,6217.000000,-4.000000,-192.000000,158.000000
-4935.000000,-925.000000,773.000000,-7635.000000,1918.000000,3750.000000,4.000000,-208.000000,168.000000
-5397.000000,-649.000000,-1435.000000,-7924.000000,2430.000000,1040.000000,19.000000,-235.000000,175.000000
-4695.000000,2119.000000,-2257.000000,-6212.000000,3581.000000,-2033.000000,20.000000,-260.000000,200.000000
-2860.000000,6651.000000,-2454.000000,-5915.000000,3457.000000,-1029.000000,-6.000000,-294.000000,214.000000
-4757.000000,8092.000000,-2697.000000,-4258.000000,3731.000000,-1209.000000,-57.000000,-301.000000,233.000000
-6566.000000,10717.000000,-2857.000000,-4361.000000,4186.000000,-4511.000000,-95.000000,-321.000000,273.000000
-6306.000000,10537.000000,-3183.000000,-1036.000000,5184.000000,-5935.000000,-138.000000,-322.000000,348.000000
-7612.000000,11661.000000,-1491.000000,-586.000000,5186.000000,-5255.000000,-163.000000,-327.000000,413.000000
-9288.000000,12080.000000,-235.000000,-1269.000000,3106.000000,-8010.000000,-144.000000,-290.000000,516.000000
-9081.000000,12395.000000,3134.000000,-531.000000,2768.000000,-8477.000000,-97.000000,-245.000000,577.000000
-9930.000000,11842.000000,5976.000000,-6730.000000,-713.000000,-7902.000000,-16.000000,-184.000000,610.000000
-9004.000000,11633.000000,6902.000000,-9761.000000,-2389.000000,-8926.000000,52.000000,-120.000000,594.000000
-7822.000000,14112.000000,7577.000000,-11761.000000,-3909.000000,-6859.000000,113.000000,-45.000000,537.000000
-4445.000000,11842.000000,5172.000000,-14162.000000,-5036.000000,-4243.000000,150.000000,30.000000,448.000000
-2204.000000,7178.000000,869.000000,-11931.000000,-6128.000000,999.000000,146.000000,48.000000,366.000000
-1840.000000,3678.000000,-2700.000000,-10730.000000,-6131.000000,2867.000000,147.000000,47.000000,333.000000
-1646.000000,1057.000000,-5441.000000,-10115.000000,-5252.000000,1523.000000,152.000000,42.000000,316.000000
-558.000000,752.000000,-7298.000000,-9326.000000,-4301.000000,1635.000000,174.000000,12.000000,308.000000
-684.000000,1608.000000,-7395.000000,-6874.000000,-3131.000000,2809.000000,197.000000,-33.000000,299.000000
-407.000000,1311.000000,-7444.000000,-5989.000000,-1518.000000,3078.000000,206.000000,-78.000000,288.000000
-65.000000,-55.000000,-8503.000000,-5110.000000,-1064.000000,4077.000000,202.000000,-130.000000,280.000000
-209.000000,-680.000000,-8783.000000,-3322.000000,8.000000,4388.000000,195.000000,-181.000000,291.000000
-442.000000,-827.000000,-8452.000000,-1789.000000,1458.000000,3890.000000,181.000000,-225.000000,287.000000
-390.000000,-1699.000000,-8113.000000,-329.000000,2646.000000,4077.000000,149.000000,-265.000000,293.000000
2.000000,-3352.000000,-8854.000000,679.000000,2661.000000,4876.000000,115.000000,-305.000000,299.000000
-560.000000,-4896.000000,-8796.000000,4238.000000,2474.000000,6869.000000,72.000000,-332.000000,320.000000
-2201.000000,-5507.000000,-7174.000000,5142.000000,2667.000000,6570.000000,21.000000,-345.000000,327.000000
-3414.000000,-6435.000000,-6128.000000,5060.000000,3088.000000,4975.000000,-31.000000,-357.000000,347.000000
-4506.000000,-6907.000000,-4749.000000,4985.000000,3912.000000,3608.000000,-74.000000,-356.000000,370.000000
-5443.000000,-8178.000000,-4162.000000,5198.000000,4211.000000,2509.000000,-102.000000,-348.000000,392.000000
-5337.000000,-10545.000000,-4046.000000,4484.000000,4554.000000,585.000000,-124.000000,-334.000000,412.000000
-3890.000000,-10186.000000,-4411.000000,4219.000000,4922.000000,-286.000000,-154.000000,-318.000000,406.000000
-3652.000000,-6345.000000,-4723.000000,2157.000000,4677.000000,-654.000000,-179.000000,-295.000000,385.000000
-3214.000000,-8559.000000,-6658.000000,4694.000000,5085.000000,-595.000000,-200.000000,-268.000000,380.000000
-2608.000000,-10520.000000,-5356.000000,7094.000000,4926.000000,74.000000,-230.000000,-242.000000,348.000000
-1246.000000,-7182.000000,-3449.000000,4808.000000,4936.000000,346.000000,-211.000000,-223.000000,303.000000
-1067.000000,-5760.000000,-4578.000000,4852.000000,4385.000000,2660.000000,-203.000000,-213.000000,273.000000
-648.000000,-3786.000000,-3413.000000,7646.000000,5063.000000,2673.000000,-181.000000,-183.000000,235.000000
-1786.000000,191.000000,-566.000000,4502.000000,3615.000000,2270.000000,-184.000000,-174.000000,234.000000
-2228.000000,-84.000000,-93.000000,4124.000000,4396.000000,1811.000000,-183.000000,-181.000000,237.000000
-102.000000,-1263.000000,21.000000,3221.000000,4831.000000,-17.000000,-185.000000,-195.000000,245.000000
-366.000000,-1417.000000,-797.000000,4488.000000,4832.000000,1243.000000,-181.000000,-193.000000,235.000000
-934.000000,-2301.000000,-1680.000000,2725.000000,5351.000000,1293.000000,-174.000000,-182.000000,224.000000
655.000000,-3009.000000,-976.000000,3846.000000,4428.000000,2128.000000,-183.000000,-185.000000,215.000000
100.000000,-2422.000000,-1572.000000,3097.000000,3701.000000,2436.000000,-158.000000,-176.000000,212.000000
-550.000000,-2064.000000,-1638.000000,3903.000000,3256.000000,2041.000000,-152.000000,-168.000000,202.000000
-273.000000,-2830.000000,-856.000000,3787.000000,3794.000000,2634.000000,-145.000000,-169.000000,193.000000
785.000000,-3308.000000,-76.000000,3280.000000,3902.000000,2859.000000,-123.000000,-165.000000,171.000000
1258.000000,-3089.000000,-344.000000,2580.000000,3414.000000,4131.000000,-108.000000,-176.000000,170.000000
1186.000000,-4066.000000,-1569.000000,3177.000000,3176.000000,3893.000000,-85.000000,-159.000000,169.000000
1071.000000,-6432.000000,-655.000000,1560.000000,2974.000000,4854.000000,-75.000000,-155.000000,159.000000
1256.000000,-7876.000000,2048.000000,-8.000000,2715.000000,4752.000000,-30.000000,-154.000000,152.000000
1731.000000,-8049.000000,2700.000000,-3739.000000,2406.000000,4478.000000,28.000000,-134.000000,162.000000
2848.000000,-5894.000000,660.000000,-4232.000000,2797.000000,5354.000000,71.000000,-117.000000,175.000000
1662.000000,-4914.000000,621.000000,-5823.000000,1779.000000,5594.000000,103.000000,-103.000000,185.000000
797.000000,-4816.000000,2978.000000,-4729.000000,2156.000000,4672.000000,126.000000,-84.000000,194.000000
1580.000000,-6021.000000,4151.000000,-6967.000000,977.000000,3189.000000,147.000000,-77.000000,213.000000
1304.000000,-3370.000000,1665.000000,-9660.000000,125.000000,4034.000000,157.000000,-45.000000,251.000000
507.000000,-958.000000,-34.000000,-8770.000000,-557.000000,2587.000000,168.000000,-36.000000,270.000000
1145.000000,-502.000000,-569.000000,-8629.000000,-361.000000,1690.000000,161.000000,-33.000000,273.000000
1309.000000,-463.000000,-262.000000,-7962.000000,-620.000000,3658.000000,172.000000,-40.000000,276.000000
-267.000000,-881.000000,-1730.000000,-10163.000000,-588.000000,3747.000000,170.000000,-26.000000,284.000000
-594.000000,-968.000000,-2104.000000,-8088.000000,-176.000000,2484.000000,179.000000,-37.000000,285.000000
-453.000000,-1148.000000,-2538.000000,-8390.000000,-147.000000,1828.000000,183.000000,-49.000000,293.000000
84.000000,-1253.000000,-2829.000000,-7701.000000,451.000000,1148.000000,184.000000,-64.000000,308.000000
685.000000,-2122.000000,-3270.000000,-8183.000000,1197.000000,1071.000000,198.000000,-82.000000,302.000000
1465.000000,-2835.000000,-3662.000000,-7564.000000,1878.000000,417.000000,199.000000,-95.000000,323.000000
2087.000000,-3479.000000,-3520.000000,-6504.000000,3273.000000,832.000000,207.000000,-125.000000,329.000000
1758.000000,-5145.000000,-3520.000000,-5050.000000,4228.000000,1238.000000,207.000000,-135.000000,343.000000
2404.000000,-7707.000000,-2066.000000,-3485.000000,4946.000000,-766.000000,203.000000,-159.000000,377.000000
2956.000000,-10470.000000,-276.000000,-5584.000000,4341.000000,-2320.000000,187.000000,-167.000000,429.000000
2747.000000,-13604.000000,1092.000000,-4416.000000,3434.000000,-3789.000000,173.000000,-183.000000,483.000000
1858.000000,-14086.000000,1627.000000,-5939.000000,2345.000000,-6773.000000,121.000000,-185.000000,537.000000
136.000000,-10550.000000,1844.000000,-3025.000000,3231.000000,-6943.000000,45.000000,-193.000000,575.000000
-1891.000000,-7807.000000,1604.000000,-4290.000000,1548.000000,-8450.000000,-18.000000,-186.000000,600.000000
-3855.000000,-4280.000000,933.000000,-4046.000000,682.000000,-9113.000000,-45.000000,-175.000000,605.000000
-5703.000000,-2142.000000,387.000000,-2902.000000,-701.000000,-8629.000000,-73.000000,-151.000000,615.000000
-8184.000000,601.000000,427.000000,-3591.000000,-2493.000000,-10762.000000,-91.000000,-119.000000,611.000000
-7127.000000,2355.000000,-516.000000,-5490.000000,-2998.000000,-13295.000000,-84.000000,-54.000000,614.000000
-5083.000000,3406.000000,-2500.000000,-5038.000000,-3833.000000,-13090.000000,-67.000000,-17.000000,601.000000
-4508.000000,4774.000000,-2255.000000,-5260.000000,-4332.000000,-10573.000000,-37.000000,9.000000,585.000000
-4927.000000,5508.000000,-2240.000000,-6716.000000,-5165.000000,-9425.000000,-3.000000,33.000000,565.000000
-4352.000000,6620.000000,-2439.000000,-7050.000000,-4679.000000,-9246.000000,26.000000,62.000000,540.000000
-4264.000000,7878.000000,-3354.000000,-10552.000000,-5283.000000,-7005.000000,68.000000,62.000000,504.000000
-4235.000000,8084.000000,-6616.000000,-10236.000000,-6486.000000,-6093.000000,102.000000,74.000000,454.000000
-2058.000000,6041.000000,-6927.000000,-6546.000000,-3954.000000,-5894.000000,143.000000,47.000000,405.000000
-322.000000,5466.000000,-5455.000000,-7960.000000,-2522.000000,-3201.000000,169.000000,11.000000,359.000000
567.000000,4615.000000,-5223.000000,-7872.000000,-1960.000000,-1762.000000,181.000000,-17.000000,329.000000
1145.000000,4992.000000,-4804.000000,-7871.000000,-1105.000000,709.000000,186.000000,-40.000000,304.000000
902.000000,4044.000000,-5439.000000,-6888.000000,-984.000000,2322.000000,189.000000,-69.000000,273.000000
2092.000000,1203.000000,-6706.000000,-5939.000000,202.000000,2662.000000,181.000000,-95.000000,249.000000
3243.000000,-1148.000000,-8252.000000,-5071.000000,-24.000000,3759.000000,183.000000,-133.000000,231.000000
3996.000000,-2893.000000,-9448.000000,-4255.000000,-859.000000,5432.000000,188.000000,-172.000000,240.000000
3844.000000,-2239.000000,-10266.000000,-2996.000000,-1208.000000,5971.000000,182.000000,-190.000000,252.000000
3722.000000,-2364.000000,-10484.000000,-993.000000,-751.000000,6622.000000,158.000000,-236.000000,244.000000
3550.000000,-2641.000000,-10044.000000,129.000000,-340.000000,7293.000000,131.000000,-267.000000,239.000000
4553.000000,-4263.000000,-10660.000000,-963.000000,-858.000000,6211.000000,97.000000,-285.000000,237.000000
6205.000000,-6765.000000,-11339.000000,-581.000000,-3190.000000,8075.000000,62.000000,-302.000000,236.000000
6147.000000,-6903.000000,-10104.000000,-1538.000000,-4026.000000,8734.000000,33.000000,-291.000000,211.000000
5260.000000,-7152.000000,-9019.000000,-2819.000000,-4439.000000,9234.000000,15.000000,-277.000000,197.000000
4623.000000,-7552.000000,-8619.000000,-4835.000000,-4519.000000,8219.000000,21.000000,-251.000000,187.000000
4717.000000,-6255.000000,-7981.000000,-4783.000000,-4220.000000,6662.000000,24.000000,-242.000000,180.000000
4531.000000,-5392.000000,-6418.000000,-6017.000000,-3400.000000,5253.000000,42.000000,-218.000000,170.000000
4528.000000,-3783.000000,-6371.000000,-6869.000000,-3394.000000,4524.000000,63.000000,-193.000000,167.000000
5370.000000,-3470.000000,-6495.000000,-6861.000000,-2726.000000,3493.000000,66.000000,-174.000000,172.000000
6607.000000,-3714.000000,-6076.000000,-6264.000000,-2336.000000,3899.000000,79.000000,-163.000000,167.000000
7460.000000,-3534.000000,-5360.000000,-7343.000000,-2166.000000,5365.000000,94.000000,-144.000000,174.000000
5668.000000,-2573.000000,-5015.000000,-6543.000000,-959.000000,6895.000000,111.000000,-127.000000,185.000000
3652.000000,-349.000000,-3290.000000,-5628.000000,207.000000,7698.000000,119.000000,-115.000000,193.000000
1857.000000,175.000000,-2362.000000,-6081.000000,701.000000,8922.000000,119.000000,-103.000000,193.000000
-500.000000,-2396.000000,-1610.000000,-4733.000000,1092.000000,12131.000000,118.000000,-96.000000,190.000000
-3926.000000,-3430.000000,-998.000000,-5843.000000,540.000000,9970.000000,133.000000,-113.000000,199.000000
-5373.000000,-2732.000000,-939.000000,-7014.000000,407.000000,4043.000000,150.000000,-132.000000,214.000000
-5763.000000,-1136.000000,-1082.000000,-7036.000000,593.000000,1617.000000,163.000000,-161.000000,227.000000
-5891.000000,-809.000000,-270.000000,-5969.000000,1666.000000,-685.000000,160.000000,-178.000000,240.000000
-5268.000000,1356.000000,908.000000,-7555.000000,1361.000000,-2613.000000,164.000000,-204.000000,252.000000
-5345.000000,2733.000000,968.000000,-9568.000000,871.000000,-3856.000000,172.000000,-212.000000,262.000000
-4273.000000,4552.000000,129.000000,-10577.000000,1142.000000,-4641.000000,157.000000,-221.000000,257.000000
-4021.000000,6820.000000,-225.000000,-10000.000000,1686.000000,-4415.000000,143.000000,-229.000000,249.000000
-2678.000000,7186.000000,-103.000000,-7516.000000,2613.000000,-3228.000000,114.000000,-252.000000,244.000000
-2103.000000,6912.000000,643.000000,-7594.000000,3000.000000,-1708.000000,91.000000,-267.000000,219.000000
-853.000000,6944.000000,1120.000000,-6500.000000,3284.000000,312.000000,66.000000,-268.000000,218.000000
-1600.000000,12783.000000,3806.000000,-5326.000000,2208.000000,3806.000000,47.000000,-277.000000,217.000000
-962.000000,15295.000000,6182.000000,-3370.000000,793.000000,8419.000000,-4.000000,-278.000000,204.000000
-3066.000000,11551.000000,7602.000000,-3008.000000,-1018.000000,10096.000000,-39.000000,-289.000000,209.000000
-5719.000000,11635.000000,9146.000000,-1082.000000,-1735.000000,9982.000000,-56.000000,-308.000000,234.000000
-7108.000000,10329.000000,11453.000000,-2423.000000,-1722.000000,8282.000000,-40.000000,-334.000000,282.000000
-7970.000000,8785.000000,11293.000000,-2803.000000,-1129.000000,8409.000000,4.000000,-352.000000,320.000000
-8324.000000,9993.000000,13027.000000,-3358.000000,-1183.000000,3945.000000,67.000000,-335.000000,361.000000
-5966.000000,9786.000000,13944.000000,-5666.000000,-1163.000000,881.000000,140.000000,-290.000000,366.000000
-2684.000000,4516.000000,11547.000000,-9042.000000,-89.000000,-1130.000000,180.000000,-218.000000,342.000000
-664.000000,-596.000000,6582.000000,-10341.000000,571.000000,-1568.000000,199.000000,-147.000000,317.000000
452.000000,-2888.000000,4039.000000,-8885.000000,955.000000,-2599.000000,207.000000,-117.000000,317.000000
1214.000000,-3712.000000,2803.000000,-9365.000000,305.000000,-2365.000000,205.000000,-89.000000,349.000000
1269.000000,-4341.000000,2615.000000,-10224.000000,-882.000000,-2580.000000,194.000000,-66.000000,372.000000
1358.000000,-5575.000000,1455.000000,-11938.000000,-1166.000000,-3118.000000,197.000000,-61.000000,389.000000
1835.000000,-8190.000000,117.000000,-11307.000000,-1318.000000,-3781.000000,183.000000,-57.000000,419.000000
2196.000000,-9857.000000,-892.000000,-11459.000000,-1057.000000,-6852.000000,169.000000,-47.000000,457.000000
3864.000000,-11993.000000,-2730.000000,-11735.000000,-162.000000,-8933.000000,141.000000,-61.000000,517.000000
4236.000000,-15157.000000,-5399.000000,-8938.000000,674.000000,-6537.000000,78.000000,-94.000000,576.000000
2579.000000,-17488.000000,-4351.000000,-1148.000000,1646.000000,-6680.000000,-15.000000,-129.000000,607.000000
1670.000000,-13810.000000,-1732.000000,1938.000000,2785.000000,-7015.000000,-134.000000,-148.000000,594.000000
1751.000000,-9629.000000,-198.000000,3211.000000,3303.000000,-6541.000000,-198.000000,-150.000000,554.000000
1027.000000,-8648.000000,586.000000,6096.000000,3715.000000,-4329.000000,-226.000000,-150.000000,510.000000
1517.000000,-8329.000000,648.000000,3333.000000,4085.000000,-4372.000000,-252.000000,-154.000000,472.000000
1793.000000,-6561.000000,-623.000000,5226.000000,4359.000000,-1604.000000,-264.000000,-162.000000,416.000000
321.000000,-2656.000000,199.000000,6327.000000,3399.000000,-342.000000,-255.000000,-163.000000,365.000000
-672.000000,-1693.000000,807.000000,5729.000000,3640.000000,-434.000000,-252.000000,-160.000000,352.000000
-1492.000000,-902.000000,1058.000000,4690.000000,4527.000000,368.000000,-246.000000,-174.000000,336.000000
-617.000000,-1036.000000,941.000000,5885.000000,4362.000000,-2119.000000,-254.000000,-178.000000,336.000000
448.000000,-2309.000000,323.000000,3174.000000,4314.000000,-1579.000000,-242.000000,-188.000000,328.000000
1650.000000,-1818.000000,-229.000000,5038.000000,4527.000000,-647.000000,-228.000000,-190.000000,314.000000
2224.000000,-1868.000000,177.000000,4639.000000,4403.000000,-65.000000,-233.000000,-189.000000,303.000000
2368.000000,-2505.000000,253.000000,4811.000000,4746.000000,889.000000,-228.000000,-174.000000,288.000000
2327.000000,-3900.000000,-35.000000,3640.000000,5285.000000,1930.000000,-208.000000,-182.000000,274.000000
3458.000000,-4623.000000,398.000000,3055.000000,5004.000000,2099.000000,-198.000000,-166.000000,252.000000
3205.000000,-5695.000000,1174.000000,3004.000000,3707.000000,2884.000000,-178.000000,-154.000000,214.000000
2993.000000,-5487.000000,1199.000000,890.000000,2904.000000,3983.000000,-136.000000,-138.000000,200.000000
3150.000000,-5234.000000,680.000000,-496.000000,2175.000000,5092.000000,-110.000000,-132.000000,180.000000
3416.000000,-4663.000000,218.000000,-1547.000000,610.000000,6148.000000,-81.000000,-125.000000,171.000000
3627.000000,-4482.000000,2691.000000,998.000000,-328.000000,4935.000000,-51.000000,-99.000000,159.000000
4420.000000,-5713.000000,6253.000000,-3632.000000,-2016.000000,5998.000000,-26.000000,-70.000000,170.000000
2200.000000,-3247.000000,1644.000000,-8141.000000,-1618.000000,6387.000000,-1.000000,-47.000000,167.000000
3181.000000,-2070.000000,-512.000000,-5994.000000,-442.000000,4770.000000,25.000000,-41.000000,177.000000
3574.000000,-2953.000000,-154.000000,-5832.000000,-2299.000000,4883.000000,21.000000,-29.000000,185.000000
2897.000000,-2630.000000,-2544.000000,-7700.000000,-2604.000000,6624.000000,40.000000,0.000000,200.000000
86.000000,-2924.000000,-914.000000,-6749.000000,-4047.000000,5640.000000,67.000000,-9.000000,207.000000
-449.000000,-663.000000,-3548.000000,-9536.000000,-2913.000000,4300.000000,77.000000,-7.000000,221.000000
-1214.000000,390.000000,-5538.000000,-6552.000000,-2828.000000,5296.000000,81.000000,-15.000000,213.000000
-2231.000000,1079.000000,-5122.000000,-6661.000000,-1774.000000,4399.000000,100.000000,-40.000000,214.000000
-1513.000000,877.000000,-4309.000000,-4713.000000,-169.000000,3242.000000,100.000000,-56.000000,190.000000
-163.000000,-299.000000,-4742.000000,-6532.000000,-10.000000,4223.000000,103.000000,-75.000000,195.000000
-427.000000,136.000000,-6881.000000,-6100.000000,-185.000000,5663.000000,109.000000,-93.000000,193.000000
-935.000000,1382.000000,-6742.000000,-5103.000000,384.000000,5614.000000,115.000000,-117.000000,185.000000
-2255.000000,1972.000000,-8079.000000,-5372.000000,868.000000,5021.000000,106.000000,-142.000000,182.000000
-2689.000000,2482.000000,-10854.000000,-3639.000000,1000.000000,3787.000000,83.000000,-187.000000,175.000000
-2696.000000,3110.000000,-12892.000000,422.000000,718.000000,2782.000000,43.000000,-223.000000,175.000000
-2498.000000,2606.000000,-12206.000000,4561.000000,452.000000,1501.000000,-23.000000,-251.000000,173.000000
-1447.000000,1216.000000,-11521.000000,7091.000000,-564.000000,548.000000,-95.000000,-257.000000,185.000000
-525.000000,1869.000000,-7547.000000,8630.000000,-1781.000000,2152.000000,-141.000000,-223.000000,195.000000
-1700.000000,1529.000000,-4476.000000,8206.000000,-2631.000000,1443.000000,-170.000000,-204.000000,206.000000
-1228.000000,1712.000000,-3580.000000,7290.000000,-1181.000000,1170.000000,-181.000000,-191.000000,205.000000
-2235.000000,2440.000000,-2098.000000,9181.000000,-2176.000000,1629.000000,-195.000000,-181.000000,227.000000
-1891.000000,2471.000000,-1793.000000,6733.000000,-685.000000,-32.000000,-211.000000,-181.000000,239.000000
-1181.000000,3193.000000,-2774.000000,5950.000000,-2029.000000,-1330.000000,-222.000000,-186.000000,258.000000
-2711.000000,2422.000000,-2093.000000,7138.000000,-3181.000000,1657.000000,-238.000000,-164.000000,268.000000
-5981.000000,1728.000000,-694.000000,6585.000000,-5445.000000,166.000000,-246.000000,-162.000000,296.000000
-4940.000000,3324.000000,-1000.000000,8718.000000,-4520.000000,-2063.000000,-253.000000,-181.000000,311.000000
-3746.000000,4165.000000,318.000000,9224.000000,-3533.000000,-2753.000000,-260.000000,-182.000000,344.000000
-4422.000000,3561.000000,1567.000000,8247.000000,-3514.000000,-4352.000000,-262.000000,-186.000000,376.000000
-1732.000000,3511.000000,2041.000000,7947.000000,-2165.000000,-7396.000000,-258.000000,-204.000000,412.000000
-467.000000,3650.000000,2256.000000,6257.000000,-3270.000000,-3234.000000,-242.000000,-210.000000,438.000000
-2673.000000,3218.000000,3541.000000,6514.000000,-3407.000000,-4842.000000,-240.000000,-230.000000,460.000000
-2699.000000,5040.000000,5356.000000,4996.000000,-2712.000000,-7604.000000,-211.000000,-229.000000,489.000000
-510.000000,6883.000000,6035.000000,6343.000000,-1151.000000,-8454.000000,-183.000000,-247.000000,517.000000
589.000000,8820.000000,7541.000000,4677.000000,-592.000000,-8958.000000,-131.000000,-251.000000,541.000000
1679.000000,10012.000000,7966.000000,1881.000000,274.000000,-9309.000000,-62.000000,-270.000000,554.000000
3445.000000,9044.000000,6724.000000,106.000000,1314.000000,-10615.000000,19.000000,-275.000000,533.000000
4821.000000,10857.000000,7872.000000,-2505.000000,1112.000000,-8990.000000,76.000000,-262.000000,508.000000
5968.000000,9162.000000,5138.000000,-6681.000000,431.000000,-8605.000000,147.000000,-235.000000,449.000000
7910.000000,6202.000000,1753.000000,-7881.000000,534.000000,-6516.000000,176.000000,-214.000000,382.000000
7825.000000,6964.000000,701.000000,-6911.000000,-84.000000,-1406.000000,176.000000,-196.000000,310.000000
7194.000000,5653.000000,-787.000000,-9037.000000,593.000000,275.000000,172.000000,-176.000000,268.000000
6688.000000,4995.000000,-2430.000000,-7468.000000,-493.000000,3002.000000,145.000000,-161.000000,231.000000
4769.000000,4099.000000,-2527.000000,-5343.000000,-1378.000000,4683.000000,136.000000,-136.000000,204.000000
2195.000000,3146.000000,-3211.000000,-4239.000000,-605.000000,6188.000000,106.000000,-116.000000,190.000000
340.000000,2363.000000,-2863.000000,-3132.000000,925.000000,5561.000000,90.000000,-128.000000,184.000000
-238.000000,1899.000000,-3818.000000,-3596.000000,3119.000000,4721.000000,75.000000,-137.000000,173.000000
127.000000,2009.000000,-3081.000000,-321.000000,4806.000000,3530.000000,62.000000,-144.000000,164.000000
1447.000000,1601.000000,-935.000000,-582.000000,4896.000000,4181.000000,50.000000,-152.000000,158.000000
1998.000000,842.000000,148.000000,-2537.000000,3982.000000,5069.000000,46.000000,-140.000000,166.000000
2481.000000,1681.000000,-1609.000000,-2311.000000,2255.000000,5744.000000,41.000000,-137.000000,161.000000
1909.000000,2134.000000,-2172.000000,-2295.000000,1954.000000,5927.000000,16.000000,-114.000000,150.000000
2888.000000,2480.000000,-3124.000000,-1169.000000,1280.000000,4870.000000,19.000000,-115.000000,151.000000
2932.000000,2983.000000,-2461.000000,760.000000,774.000000,8702.000000,-7.000000,-95.000000,161.000000
936.000000,1147.000000,-2819.000000,-965.000000,-154.000000,6967.000000,-28.000000,-72.000000,158.000000
466.000000,1805.000000,-3042.000000,-256.000000,-736.000000,5723.000000,-20.000000,-74.000000,154.000000
-387.000000,3079.000000,-4564.000000,-319.000000,-1648.000000,6200.000000,-36.000000,-70.000000,156.000000
423.000000,-1121.000000,-6321.000000,974.000000,-1371.000000,5323.000000,-47.000000,-69.000000,157.000000
1883.000000,-1184.000000,-7034.000000,806.000000,-1628.000000,4296.000000,-31.000000,-53.000000,149.000000
3575.000000,283.000000,-7487.000000,1891.000000,-4000.000000,4079.000000,-24.000000,-30.000000,150.000000
4874.000000,-310.000000,-7704.000000,4038.000000,-5584.000000,4796.000000,0.000000,-10.000000,160.000000
5106.000000,1321.000000,-6183.000000,6653.000000,-5842.000000,4964.000000,18.000000,12.000000,168.000000
5051.000000,2088.000000,-3348.000000,8132.000000,-6334.000000,6329.000000,36.000000,44.000000,190.000000
2987.000000,3992.000000,-364.000000,5993.000000,-6143.000000,7954.000000,43.000000,65.000000,211.000000
854.000000,4975.000000,1967.000000,5890.000000,-5039.000000,6870.000000,20.000000,68.000000,224.000000
-696.000000,3864.000000,3956.000000,4359.000000,-5176.000000,5538.000000,-10.000000,78.000000,220.000000
-1734.000000,2732.000000,4452.000000,2815.000000,-6214.000000,4798.000000,-48.000000,76.000000,226.000000
-1822.000000,2771.000000,3012.000000,2186.000000,-6035.000000,1707.000000,-84.000000,50.000000,226.000000
-348.000000,2089.000000,2134.000000,5371.000000,-4451.000000,867.000000,-110.000000,34.000000,212.000000
812.000000,2370.000000,2201.000000,6128.000000,-3792.000000,310.000000,-129.000000,19.000000,221.000000
959.000000,4342.000000,1543.000000,4715.000000,-3693.000000,783.000000,-150.000000,30.000000,240.000000
1591.000000,7340.000000,-398.000000,4721.000000,-3606.000000,-1058.000000,-172.000000,18.000000,256.000000
2117.000000,11174.000000,-848.000000,7085.000000,-3657.000000,-1484.000000,-203.000000,25.000000,289.000000
-461.000000,12381.000000,-350.000000,6596.000000,-4158.000000,-3723.000000,-213.000000,31.000000,365.000000
47.000000,11680.000000,37.000000,5450.000000,-3931.000000,-8762.000000,-224.000000,34.000000,426.000000
607.000000,9360.000000,-435.000000,3833.000000,-3319.000000,-9244.000000,-207.000000,29.000000,479.000000
288.000000,8666.000000,813.000000,3544.000000,-4817.000000,-9676.000000,-181.000000,37.000000,523.000000
1777.000000,6227.000000,108.000000,-2154.000000,-5146.000000,-12207.000000,-154.000000,26.000000,558.000000
4119.000000,3655.000000,-3651.000000,-4751.000000,-5230.000000,-11921.000000,-128.000000,16.000000,572.000000
3273.000000,22.000000,-9525.000000,-8389.000000,-7150.000000,-7733.000000,-103.000000,-9.000000,591.000000
3714.000000,-3552.000000,-12038.000000,67.000000,-8683.000000,-11487.000000,-74.000000,-12.000000,594.000000
5406.000000,-4929.000000,-7940.000000,3261.000000,-3625.000000,-9807.000000,-65.000000,-35.000000,603.000000
6094.000000,-7227.000000,-7092.000000,-596.000000,-3563.000000,-8518.000000,-86.000000,-56.000000,598.000000
5858.000000,-7533.000000,-7024.000000,5539.000000,-2276.000000,-7138.000000,-116.000000,-80.000000,592.000000
6460.000000,-6781.000000,-3805.000000,6429.000000,-717.000000,-7565.000000,-153.000000,-87.000000,583.000000
6185.000000,-8670.000000,-3563.000000,4221.000000,-837.000000,-4653.000000,-185.000000,-119.000000,563.000000
6571.000000,-11231.000000,-3498.000000,6742.000000,-1542.000000,-3389.000000,-224.000000,-114.000000,522.000000
8893.000000,-8157.000000,-650.000000,7630.000000,-940.000000,-2033.000000,-258.000000,-116.000000,468.000000
8008.000000,-6485.000000,914.000000,5344.000000,-3416.000000,2520.000000,-266.000000,-134.000000,406.000000
6497.000000,-4626.000000,2493.000000,6862.000000,-3027.000000,4290.000000,-272.000000,-128.000000,376.000000
5624.000000,-2964.000000,5127.000000,6290.000000,-3395.000000,3778.000000,-261.000000,-135.000000,349.000000
6165.000000,-1707.000000,5657.000000,5026.000000,-3046.000000,4065.000000,-242.000000,-164.000000,332.000000
5912.000000,-4174.000000,5643.000000,6786.000000,-4067.000000,5852.000000,-237.000000,-189.000000,315.000000
4534.000000,-4803.000000,7264.000000,4221.000000,-3384.000000,6690.000000,-210.000000,-212.000000,280.000000
1548.000000,-6366.000000,5144.000000,2793.000000,-4920.000000,8550.000000,-154.000000,-232.000000,234.000000
572.000000,-7594.000000,6345.000000,2558.000000,-3823.000000,5461.000000,-113.000000,-245.000000,215.000000
-1672.000000,-8633.000000,5435.000000,-2240.000000,-4814.000000,6201.000000,-43.000000,-247.000000,187.000000
-3160.000000,-7954.000000,4481.000000,-4123.000000,-3412.000000,4693.000000,20.000000,-260.000000,184.000000
-3354.000000,-6959.000000,2840.000000,-6238.000000,-1777.000000,2937.000000,77.000000,-275.000000,217.000000
-2525.000000,-6625.000000,629.000000,-8591.000000,-357.000000,2907.000000,126.000000,-266.000000,248.000000
-4664.000000,-5567.000000,-481.000000,-8424.000000,-1266.000000,4334.000000,143.000000,-269.000000,289.000000
-6808.000000,-3632.000000,-421.000000,-7333.000000,-1522.000000,1827.000000,150.000000,-284.000000,312.000000
-7730.000000,-2607.000000,275.000000,-6855.000000,-741.000000,-393.000000,149.000000,-287.000000,375.000000
-7751.000000,-1092.000000,718.000000,-7691.000000,164.000000,-2370.000000,142.000000,-276.000000,422.000000
-8020.000000,-581.000000,1500.000000,-7157.000000,631.000000,-2923.000000,140.000000,-270.000000,456.000000
-8451.000000,879.000000,2203.000000,-8905.000000,492.000000,-3438.000000,141.000000,-235.000000,493.000000
-8382.000000,-125.000000,1079.000000,-8216.000000,-587.000000,-3552.000000,145.000000,-187.000000,501.000000
-9377.000000,655.000000,1426.000000,-7900.000000,-1914.000000,-4216.000000,139.000000,-159.000000,529.000000
-9257.000000,1820.000000,1651.000000,-9901.000000,-4305.000000,-6714.000000,135.000000,-107.000000,525.000000
-7478.000000,2121.000000,1844.000000,-8747.000000,-3678.000000,-6770.000000,148.000000,-62.000000,502.000000
-5385.000000,-1264.000000,-458.000000,-11290.000000,-2965.000000,-5965.000000,156.000000,-22.000000,476.000000
-5146.000000,-5696.000000,-4433.000000,-10777.000000,-3241.000000,-3223.000000,154.000000,-14.000000,464.000000
-5977.000000,-7717.000000,-7228.000000,-7866.000000,-2926.000000,-5374.000000,142.000000,-30.000000,478.000000
-5319.000000,-11022.000000,-7511.000000,-5015.000000,-2721.000000,-8369.000000,124.000000,-48.000000,504.000000
-3363.000000,-13511.000000,-7266.000000,-1619.000000,-1146.000000,-9903.000000,90.000000,-56.000000,538.000000
-1826.000000,-11885.000000,-6673.000000,-547.000000,-1664.000000,-10506.000000,30.000000,-60.000000,578.000000
-515.000000,-9705.000000,-5602.000000,2255.000000,-1226.000000,-9258.000000,-32.000000,-50.000000,588.000000
505.000000,-8962.000000,-5003.000000,3605.000000,-2006.000000,-6597.000000,-79.000000,-57.000000,593.000000
-1116.000000,-10891.000000,-4052.000000,8234.000000,-2478.000000,-3433.000000,-122.000000,-58.000000,584.000000
-398.000000,-14681.000000,-1513.000000,10865.000000,-1494.000000,-6198.000000,-170.000000,-30.000000,566.000000
559.000000,-15504.000000,55.000000,10548.000000,-2377.000000,-4192.000000,-222.000000,-32.000000,498.000000
1219.000000,-11937.000000,2959.000000,12214.000000,-2760.000000,-552.000000,-238.000000,-22.000000,414.000000
495.000000,-14715.000000,4797.000000,9983.000000,-3961.000000,1766.000000,-238.000000,-34.000000,340.000000
1689.000000,-10730.000000,7981.000000,6874.000000,-3260.000000,840.000000,-211.000000,-63.000000,273.000000
1173.000000,-10456.000000,8533.000000,-946.000000,-5185.000000,5246.000000,-176.000000,-84.000000,226.000000
-690.000000,-9401.000000,5512.000000,-8048.000000,-4218.000000,6233.000000,-128.000000,-120.000000,182.000000
-2003.000000,-5074.000000,2019.000000,-9317.000000,-2276.000000,5413.000000,-65.000000,-135.000000,159.000000
-2644.000000,-848.000000,1331.000000,-5055.000000,-1289.000000,6385.000000,-38.000000,-146.000000,150.000000
-5438.000000,3218.000000,4845.000000,-2441.000000,-1860.000000,7577.000000,-27.000000,-171.000000,155.000000
-7261.000000,6845.000000,8059.000000,-4191.000000,-2186.000000,6052.000000,-45.000000,-205.000000,169.000000
-8053.000000,6958.000000,10217.000000,-3725.000000,-1838.000000,5299.000000,-57.000000,-259.000000,193.000000
-8481.000000,6558.000000,11097.000000,-5131.000000,-1930.000000,5273.000000,-41.000000,-311.000000,239.000000
-9017.000000,6011.000000,11157.000000,-4680.000000,-2123.000000,5144.000000,4.000000,-342.000000,292.000000
-8616.000000,6271.000000,12551.000000,-4895.000000,-2086.000000,4760.000000,52.000000,-330.000000,346.000000
-9454.000000,5859.000000,12467.000000,-7252.000000,-3182.000000,5286.000000,120.000000,-310.000000,362.000000
-8983.000000,4934.000000,12617.000000,-6645.000000,-3242.000000,929.000000,173.000000,-247.000000,375.000000
-6004.000000,4121.000000,12529.000000,-8770.000000,-2599.000000,-1884.000000,200.000000,-172.000000,374.000000
-1825.000000,599.000000,9542.000000,-9700.000000,-2756.000000,-1442.000000,207.000000,-83.000000,345.000000
342.000000,-2196.000000,5650.000000,-10347.000000,-3993.000000,-1484.000000,183.000000,-31.000000,345.000000
1714.000000,-3629.000000,3640.000000,-10039.000000,-4151.000000,-1246.000000,185.000000,1.000000,353.000000
2165.000000,-5412.000000,2085.000000,-10117.000000,-4913.000000,-690.000000,168.000000,20.000000,362.000000
1728.000000,-6227.000000,1770.000000,-9211.000000,-5357.000000,-1002.000000,156.000000,32.000000,398.000000
1195.000000,-7197.000000,2054.000000,-8959.000000,-5631.000000,-3376.000000,141.000000,33.000000,437.000000
754.000000,-7544.000000,2109.000000,-9193.000000,-5101.000000,-5086.000000,111.000000,47.000000,469.000000
477.000000,-7929.000000,768.000000,-9129.000000,-5921.000000,-7392.000000,85.000000,43.000000,497.000000
2155.000000,-7940.000000,-1177.000000,-8574.000000,-5062.000000,-9546.000000,49.000000,53.000000,523.000000
3253.000000,-7651.000000,-2795.000000,-6396.000000,-4681.000000,-8888.000000,12.000000,42.000000,552.000000
2236.000000,-8540.000000,-3924.000000,-5784.000000,-4299.000000,-7556.000000,-8.000000,18.000000,572.000000
110.000000,-9253.000000,-5033.000000,-2557.000000,-3728.000000,-7619.000000,-56.000000,4.000000,588.000000
-457.000000,-10291.000000,-3924.000000,1745.000000,-3266.000000,-9220.000000,-96.000000,6.000000,582.000000
-441.000000,-8490.000000,-3004.000000,2340.000000,-2894.000000,-8532.000000,-117.000000,21.000000,565.000000
-1181.000000,-8469.000000,-1987.000000,5921.000000,-3086.000000,-7378.000000,-149.000000,23.000000,537.000000
-1569.000000,-6841.000000,-543.000000,4997.000000,-3952.000000,-6800.000000,-175.000000,39.000000,507.000000
-1165.000000,-5984.000000,-307.000000,5603.000000,-3817.000000,-6754.000000,-186.000000,40.000000,478.000000
-717.000000,-4549.000000,126.000000,6743.000000,-3776.000000,-5616.000000,-200.000000,40.000000,452.000000
-1045.000000,-5234.000000,821.000000,7043.000000,-4150.000000,-4571.000000,-208.000000,42.000000,426.000000
-312.000000,-5149.000000,1183.000000,7995.000000,-3820.000000,-4544.000000,-206.000000,44.000000,400.000000
751.000000,-5980.000000,1256.000000,6903.000000,-4045.000000,-3245.000000,-200.000000,38.000000,374.000000
377.000000,-6622.000000,1237.000000,9085.000000,-3926.000000,-58.000000,-201.000000,39.000000,351.000000
-790.000000,-6018.000000,3987.000000,11139.000000,-3504.000000,-68.000000,-194.000000,36.000000,310.000000
-513.000000,-6221.000000,5379.000000,7182.000000,-3646.000000,-16.000000,-188.000000,10.000000,288.000000
-894.000000,-4772.000000,6019.000000,8664.000000,-2769.000000,880.000000,-179.000000,-27.000000,249.000000
-370.000000,-5469.000000,7822.000000,7438.000000,-2369.000000,1366.000000,-166.000000,-48.000000,230.000000
-411.000000,-3656.000000,8217.000000,5096.000000,-1636.000000,2442.000000,-143.000000,-83.000000,201.000000
165.000000,-4259.000000,10014.000000,5521.000000,-1507.000000,4212.000000,-130.000000,-112.000000,184.000000
-1257.000000,-3975.000000,10346.000000,-1952.000000,-2510.000000,5185.000000,-100.000000,-130.000000,170.000000
-1115.000000,-283.000000,8277.000000,-4018.000000,178.000000,5049.000000,-62.000000,-176.000000,168.000000
-1731.000000,1631.000000,7866.000000,-3455.000000,471.000000,6359.000000,-55.000000,-173.000000,165.000000
-2334.000000,2968.000000,7584.000000,-4690.000000,315.000000,6754.000000,-46.000000,-184.000000,168.000000
-2978.000000,4563.000000,7201.000000,-6152.000000,574.000000,5775.000000,-39.000000,-211.000000,169.000000
-1522.000000,2876.000000,5806.000000,-7411.000000,1168.000000,4931.000000,-51.000000,-241.000000,183.000000
-1003.000000,4170.000000,5773.000000,-4043.000000,1331.000000,6601.000000,-49.000000,-253.000000,191.000000
-1795.000000,7290.000000,6944.000000,-4936.000000,-10.000000,7544.000000,-46.000000,-254.000000,200.000000
-3032.000000,4713.000000,6248.000000,-4623.000000,-558.000000,8164.000000,-59.000000,-271.000000,217.000000
-4965.000000,4398.000000,6995.000000,-3998.000000,-498.000000,7037.000000,-51.000000,-297.000000,229.000000
-7551.000000,5785.000000,8748.000000,-4375.000000,-1285.000000,6504.000000,-24.000000,-318.000000,258.000000
-8566.000000,3494.000000,9538.000000,-4362.000000,-2045.000000,4801.000000,20.000000,-356.000000,316.000000
-8817.000000,3638.000000,10797.000000,-6832.000000,-1325.000000,1620.000000,79.000000,-331.000000,353.000000
-8105.000000,3925.000000,9279.000000,-8993.000000,-560.000000,988.000000,137.000000,-297.000000,383.000000
-6749.000000,3760.000000,7495.000000,-9421.000000,-186.000000,-349.000000,172.000000,-252.000000,402.000000
-5115.000000,3941.000000,6665.000000,-9684.000000,748.000000,-334.000000,193.000000,-199.000000,397.000000
-4264.000000,3726.000000,5420.000000,-10183.000000,435.000000,674.000000,208.000000,-140.000000,376.000000
-3020.000000,2520.000000,3724.000000,-9742.000000,39.000000,555.000000,212.000000,-110.000000,364.000000
-2509.000000,945.000000,1636.000000,-9678.000000,228.000000,2130.000000,216.000000,-92.000000,342.000000
-2761.000000,1709.000000,1281.000000,-8535.000000,757.000000,1042.000000,214.000000,-90.000000,336.000000
-2522.000000,1689.000000,2009.000000,-7921.000000,1178.000000,1319.000000,209.000000,-89.000000,327.000000
-607.000000,2575.000000,2318.000000,-8510.000000,537.000000,1866.000000,202.000000,-74.000000,318.000000
-206.000000,1905.000000,1581.000000,-8220.000000,-80.000000,2781.000000,190.000000,-60.000000,290.000000
-492.000000,454.000000,787.000000,-8355.000000,-231.000000,2806.000000,194.000000,-56.000000,282.000000
-102.000000,-235.000000,56.000000,-8114.000000,224.000000,2951.000000,185.000000,-59.000000,275.000000
-309.000000,-12.000000,347.000000,-8001.000000,124.000000,3436.000000,179.000000,-57.000000,279.000000
-521.000000,778.000000,288.000000,-7570.000000,705.000000,3541.000000,179.000000,-49.000000,277.000000
-213.000000,2236.000000,2.000000,-7518.000000,484.000000,3290.000000,187.000000,-55.000000,269.000000
45.000000,2210.000000,23.000000,-6638.000000,34.000000,3214.000000,176.000000,-56.000000,262.000000
155.000000,1767.000000,-6.000000,-7381.000000,-305.000000,3329.000000,166.000000,-54.000000,242.000000
-437.000000,2461.000000,-91.000000,-6775.000000,-278.000000,4012.000000,158.000000,-54.000000,244.000000
-1530.000000,3308.000000,75.000000,-6057.000000,40.000000,4353.000000,154.000000,-52.000000,230.000000
-1800.000000,4125.000000,-417.000000,-6116.000000,653.000000,4297.000000,153.000000,-63.000000,207.000000
-1546.000000,5248.000000,-1246.000000,-4233.000000,1424.000000,5289.000000,128.000000,-80.000000,186.000000
-1203.000000,5324.000000,-949.000000,-2313.000000,2017.000000,6259.000000,102.000000,-80.000000,176.000000
-1566.000000,5102.000000,-273.000000,-1711.000000,1956.000000,6953.000000,78.000000,-90.000000,162.000000
-1614.000000,4770.000000,109.000000,-884.000000,2587.000000,6458.000000,51.000000,-107.000000,151.000000
-1254.000000,4494.000000,208.000000,-314.000000,3159.000000,5636.000000,16.000000,-112.000000,148.000000
1076.000000,3990.000000,-90.000000,689.000000,2707.000000,3652.000000,-14.000000,-124.000000,140.000000
3686.000000,2848.000000,788.000000,1505.000000,2105.000000,4841.000000,-47.000000,-111.000000,153.000000
2143.000000,3244.000000,1329.000000,996.000000,1365.000000,5506.000000,-61.000000,-95.000000,155.000000
1533.000000,2365.000000,603.000000,3161.000000,622.000000,5004.000000,-75.000000,-95.000000,165.000000
1502.000000,-88.000000,680.000000,1858.000000,807.000000,6108.000000,-89.000000,-79.000000,169.000000
486.000000,316.000000,343.000000,2470.000000,1099.000000,7007.000000,-94.000000,-90.000000,174.000000
-387.000000,336.000000,892.000000,2379.000000,1453.000000,6949.000000,-93.000000,-63.000000,175.000000
-618.000000,1390.000000,1065.000000,2393.000000,1369.000000,4724.000000,-83.000000,-77.000000,171.000000
-228.000000,2741.000000,1061.000000,3475.000000,725.000000,6009.000000,-109.000000,-93.000000,169.000000
-959.000000,3015.000000,1840.000000,6485.000000,1422.000000,6206.000000,-126.000000,-92.000000,182.000000
-1236.000000,3201.000000,3984.000000,6714.000000,1263.000000,4607.000000,-138.000000,-104.000000,182.000000
-332.000000,2728.000000,5066.000000,4224.000000,1824.000000,2872.000000,-154.000000,-124.000000,200.000000
517.000000,3889.000000,5368.000000,3549.000000,2177.000000,3039.000000,-163.000000,-145.000000,199.000000
1315.000000,5210.000000,5636.000000,3642.000000,2692.000000,2851.000000,-169.000000,-165.000000,217.000000
2729.000000,6000.000000,6054.000000,4164.000000,2874.000000,2833.000000,-178.000000,-180.000000,236.000000
2663.000000,8763.000000,6817.000000,4148.000000,1899.000000,5139.000000,-195.000000,-195.000000,261.000000
3710.000000,11270.000000,7376.000000,6566.000000,2813.000000,4486.000000,-201.000000,-219.000000,287.000000
4702.000000,14620.000000,9974.000000,6129.000000,1515.000000,5430.000000,-216.000000,-250.000000,342.000000
3600.000000,10592.000000,9839.000000,3937.000000,2112.000000,4255.000000,-172.000000,-304.000000,388.000000
2536.000000,7431.000000,7831.000000,-13.000000,2864.000000,3591.000000,-119.000000,-331.000000,409.000000
359.000000,11152.000000,7888.000000,-446.000000,3096.000000,4510.000000,-72.000000,-348.000000,404.000000
1037.000000,12625.000000,6751.000000,-836.000000,5470.000000,2504.000000,-11.000000,-353.000000,405.000000
747.000000,7699.000000,3537.000000,-1669.000000,5101.000000,6960.000000,40.000000,-336.000000,380.000000
-1532.000000,3817.000000,1353.000000,-1353.000000,5942.000000,5976.000000,65.000000,-331.000000,345.000000
-1634.000000,-391.000000,165.000000,-288.000000,6592.000000,3847.000000,70.000000,-330.000000,354.000000
-1913.000000,-3793.000000,-894.000000,323.000000,5738.000000,4193.000000,70.000000,-328.000000,360.000000
-2586.000000,-6282.000000,-1997.000000,125.000000,5932.000000,784.000000,61.000000,-333.000000,385.000000
-2049.000000,-8803.000000,-3736.000000,859.000000,5778.000000,-25.000000,50.000000,-334.000000,416.000000
-2072.000000,-10101.000000,-4649.000000,2381.000000,5241.000000,-362.000000,10.000000,-334.000000,440.000000
-2426.000000,-10105.000000,-4360.000000,2864.000000,4853.000000,731.000000,-47.000000,-331.000000,463.000000
-5113.000000,-7967.000000,-4044.000000,2365.000000,3772.000000,539.000000,-100.000000,-326.000000,468.000000
-5994.000000,-7108.000000,-3976.000000,3449.000000,3296.000000,-972.000000,-142.000000,-296.000000,480.000000
-6660.000000,-7038.000000,-5054.000000,4171.000000,2340.000000,-2669.000000,-181.000000,-267.000000,483.000000
-5749.000000,-5174.000000,-5167.000000,6899.000000,3686.000000,-5129.000000,-203.000000,-231.000000,483.000000
-4627.000000,-6022.000000,-5225.000000,7926.000000,3121.000000,-4753.000000,-239.000000,-195.000000,471.000000
-4957.000000,-3976.000000,-3135.000000,10170.000000,2429.000000,-798.000000,-242.000000,-160.000000,454.000000
-7312.000000,-6673.000000,-2229.000000,10051.000000,300.000000,237.000000,-258.000000,-134.000000,440.000000
-6448.000000,-5493.000000,-947.000000,9617.000000,853.000000,-3694.000000,-260.000000,-112.000000,394.000000
-5614.000000,-3414.000000,86.000000,7846.000000,1343.000000,-725.000000,-261.000000,-121.000000,365.000000
-6646.000000,-7483.000000,-676.000000,8221.000000,-196.000000,-2001.000000,-271.000000,-125.000000,357.000000
-6086.000000,-8480.000000,-1033.000000,8066.000000,807.000000,-164.000000,-243.000000,-119.000000,293.000000
-7020.000000,-3649.000000,-1569.000000,5322.000000,-42.000000,-1694.000000,-222.000000,-144.000000,250.000000
-4494.000000,-2931.000000,-1923.000000,6977.000000,1392.000000,-4504.000000,-214.000000,-170.000000,234.000000
-2674.000000,66.000000,-1458.000000,5695.000000,1174.000000,-5247.000000,-201.000000,-167.000000,235.000000
874.000000,-486.000000,-1760.000000,6292.000000,996.000000,-5506.000000,-212.000000,-174.000000,234.000000
2869.000000,3008.000000,-1977.000000,6671.000000,-503.000000,-3444.000000,-203.000000,-159.000000,223.000000
4141.000000,4584.000000,-1665.000000,10743.000000,31.000000,-3508.000000,-222.000000,-138.000000,248.000000
6161.000000,4412.000000,1478.000000,12919.000000,879.000000,-3004.000000,-236.000000,-104.000000,270.000000
4501.000000,5497.000000,2790.000000,8844.000000,570.000000,386.000000,-263.000000,-113.000000,309.000000
4690.000000,2855.000000,3430.000000,8579.000000,1551.000000,-2329.000000,-269.000000,-115.000000,339.000000
5939.000000,2179.000000,3941.000000,5719.000000,1768.000000,-2407.000000,-262.000000,-136.000000,352.000000
5363.000000,387.000000,1607.000000,2934.000000,1223.000000,1341.000000,-256.000000,-166.000000,356.000000
1669.000000,-885.000000,-218.000000,5300.000000,2285.000000,1191.000000,-258.000000,-160.000000,344.000000
435.000000,-247.000000,426.000000,5416.000000,3178.000000,-836.000000,-253.000000,-165.000000,341.000000
857.000000,-676.000000,123.000000,5303.000000,3623.000000,-954.000000,-244.000000,-162.000000,336.000000
853.000000,-1187.000000,-793.000000,5284.000000,3781.000000,-1066.000000,-250.000000,-166.000000,338.000000
783.000000,-2308.000000,-1434.000000,5467.000000,3534.000000,199.000000,-249.000000,-157.000000,331.000000
1413.000000,-3336.000000,-659.000000,5131.000000,3472.000000,-205.000000,-239.000000,-147.000000,313.000000
1441.000000,-4053.000000,-1248.000000,4966.000000,3845.000000,925.000000,-234.000000,-144.000000,288.000000
2189.000000,-5219.000000,-1730.000000,5857.000000,2690.000000,1849.000000,-220.000000,-132.000000,270.000000
1677.000000,-5334.000000,-1371.000000,4591.000000,1877.000000,3127.000000,-204.000000,-116.000000,246.000000
1102.000000,-4675.000000,-1708.000000,3798.000000,1437.000000,4686.000000,-175.000000,-105.000000,211.000000
903.000000,-5131.000000,-1092.000000,3562.000000,799.000000,5923.000000,-144.000000,-94.000000,198.000000
291.000000,-5502.000000,-535.000000,2839.000000,606.000000,7675.000000,-120.000000,-86.000000,192.000000
33.000000,-6651.000000,-390.000000,1672.000000,862.000000,6963.000000,-84.000000,-80.000000,176.000000
1551.000000,-7816.000000,25.000000,300.000000,1013.000000,6185.000000,-58.000000,-82.000000,158.000000
2752.000000,-7482.000000,-439.000000,-2511.000000,160.000000,5764.000000,-1.000000,-77.000000,159.000000
1431.000000,-6941.000000,-1405.000000,-4351.000000,-463.000000,6040.000000,48.000000,-52.000000,172.000000
1206.000000,-4736.000000,-2215.000000,-4428.000000,-176.000000,4967.000000,83.000000,-49.000000,185.000000
2996.000000,-5267.000000,-179.000000,-3736.000000,222.000000,4752.000000,107.000000,-51.000000,203.000000
1515.000000,-4437.000000,1752.000000,-6146.000000,-333.000000,5883.000000,127.000000,-35.000000,225.000000
-620.000000,-1947.000000,232.000000,-7394.000000,-718.000000,4344.000000,143.000000,-19.000000,249.000000
697.000000,-571.000000,-1039.000000,-6696.000000,-1196.000000,3540.000000,151.000000,-23.000000,245.000000
2847.000000,-1673.000000,-1547.000000,-7871.000000,-1472.000000,2543.000000,158.000000,-12.000000,252.000000
2251.000000,-1011.000000,-1483.000000,-6921.000000,-1141.000000,4622.000000,170.000000,-20.000000,266.000000
1023.000000,-857.000000,-1234.000000,-7767.000000,-804.000000,3455.000000,173.000000,-19.000000,271.000000
1089.000000,-812.000000,-1803.000000,-7980.000000,-1202.000000,3432.000000,172.000000,-18.000000,280.000000
693.000000,-797.000000,-1975.000000,-8003.000000,-1664.000000,3740.000000,176.000000,-26.000000,290.000000
-182.000000,19.000000,-2693.000000,-9945.000000,-1189.000000,4690.000000,180.000000,-32.000000,298.000000
-223.000000,569.000000,-4156.000000,-9329.000000,-1057.000000,1926.000000,189.000000,-53.000000,293.000000
925.000000,217.000000,-5196.000000,-8189.000000,-1287.000000,1884.000000,196.000000,-78.000000,288.000000
1970.000000,219.000000,-6127.000000,-7083.000000,20.000000,2310.000000,194.000000,-94.000000,288.000000
1732.000000,1060.000000,-7188.000000,-5954.000000,-262.000000,3885.000000,201.000000,-135.000000,283.000000
-175.000000,2017.000000,-7252.000000,-3862.000000,129.000000,4938.000000,196.000000,-170.000000,280.000000
-1455.000000,2014.000000,-7556.000000,-2551.000000,956.000000,4394.000000,174.000000,-216.000000,264.000000
-769.000000,49.000000,-8991.000000,-353.000000,1206.000000,4055.000000,138.000000,-258.000000,264.000000
904.000000,-2024.000000,-10456.000000,566.000000,745.000000,4351.000000,96.000000,-298.000000,272.000000
1549.000000,-2611.000000,-11207.000000,2987.000000,169.000000,6057.000000,57.000000,-321.000000,277.000000
1262.000000,-2728.000000,-10802.000000,4990.000000,31.000000,6743.000000,-8.000000,-338.000000,274.000000
748.000000,-4250.000000,-9146.000000,7500.000000,761.000000,7176.000000,-58.000000,-318.000000,270.000000
751.000000,-6184.000000,-7688.000000,4121.000000,830.000000,7032.000000,-95.000000,-305.000000,269.000000
-549.000000,-6109.000000,-7661.000000,1940.000000,-141.000000,8099.000000,-112.000000,-286.000000,246.000000
-1886.000000,-3535.000000,-6029.000000,2148.000000,-287.000000,6354.000000,-120.000000,-262.000000,238.000000
-2006.000000,-2735.000000,-4701.000000,2306.000000,787.000000,7024.000000,-127.000000,-255.000000,231.000000
-2967.000000,-3391.000000,-5242.000000,459.000000,388.000000,7067.000000,-135.000000,-249.000000,227.000000
-2433.000000,-3503.000000,-6035.000000,1482.000000,854.000000,6624.000000,-132.000000,-242.000000,230.000000
-1820.000000,-4563.000000,-6348.000000,2156.000000,1172.000000,7706.000000,-134.000000,-234.000000,228.000000
-2081.000000,-5483.000000,-5683.000000,2175.000000,1965.000000,7575.000000,-132.000000,-220.000000,222.000000
-3315.000000,-5641.000000,-4871.000000,783.000000,2005.000000,7371.000000,-112.000000,-212.000000,212.000000
-4093.000000,-4514.000000,-4401.000000,-269.000000,1974.000000,6304.000000,-100.000000,-216.000000,200.000000
-4617.000000,-4532.000000,-4396.000000,-226.000000,2633.000000,2812.000000,-106.000000,-224.000000,210.000000
-2987.000000,-7347.000000,-6548.000000,-1549.000000,3147.000000,2068.000000,-93.000000,-243.000000,209.000000
-2696.000000,-4330.000000,-7203.000000,-4.000000,3485.000000,2849.000000,-82.000000,-240.000000,204.000000
-4639.000000,108.000000,-6585.000000,1318.000000,3283.000000,2905.000000,-88.000000,-244.000000,202.000000
-4680.000000,-913.000000,-6183.000000,2933.000000,4366.000000,-519.000000,-109.000000,-255.000000,217.000000
-3523.000000,2996.000000,-6352.000000,2438.000000,4275.000000,-3919.000000,-134.000000,-266.000000,240.000000
-2904.000000,2662.000000,-6025.000000,6044.000000,2979.000000,-2644.000000,-182.000000,-256.000000,268.000000
-1601.000000,706.000000,-5668.000000,5204.000000,2351.000000,-3875.000000,-215.000000,-233.000000,295.000000
-832.000000,4798.000000,-6724.000000,4103.000000,362.000000,-5725.000000,-236.000000,-208.000000,296.000000
-2241.000000,8211.000000,-7269.000000,6903.000000,-990.000000,-5019.000000,-253.000000,-169.000000,341.000000
-4674.000000,9181.000000,-6334.000000,7029.000000,-2359.000000,-6292.000000,-276.000000,-126.000000,394.000000
-6286.000000,9006.000000,-5692.000000,5425.000000,-3399.000000,-9406.000000,-255.000000,-79.000000,457.000000
-6768.000000,8291.000000,-5403.000000,3815.000000,-5321.000000,-11776.000000,-224.000000,-16.000000,502.000000
-4334.000000,6812.000000,-5670.000000,1312.000000,-6457.000000,-14081.000000,-189.000000,33.000000,513.000000
-2375.000000,7025.000000,-6379.000000,-535.000000,-6983.000000,-13079.000000,-138.000000,70.000000,526.000000
-1083.000000,7140.000000,-6426.000000,-923.000000,-7455.000000,-11770.000000,-83.000000,89.000000,521.000000
-1134.000000,7389.000000,-5564.000000,-3184.000000,-7296.000000,-9850.000000,-28.000000,92.000000,510.000000
-992.000000,6643.000000,-6002.000000,-6437.000000,-6954.000000,-9744.000000,31.000000,93.000000,503.000000
831.000000,5416.000000,-7324.000000,-7259.000000,-6242.000000,-10201.000000,71.000000,75.000000,475.000000
2743.000000,6312.000000,-6897.000000,-6226.000000,-4891.000000,-8577.000000,116.000000,50.000000,464.000000
3440.000000,7044.000000,-6435.000000,-7380.000000,-4226.000000,-5428.000000,146.000000,14.000000,436.000000
4012.000000,6686.000000,-6381.000000,-6846.000000,-2929.000000,-2507.000000,184.000000,-24.000000,404.000000
4071.000000,3002.000000,-7006.000000,-7206.000000,-1403.000000,367.000000,204.000000,-58.000000,378.000000
3313.000000,829.000000,-7891.000000,-7301.000000,-398.000000,2464.000000,211.000000,-97.000000,365.000000
3536.000000,-883.000000,-8647.000000,-5663.000000,1193.000000,500.000000,212.000000,-160.000000,352.000000
4134.000000,-1379.000000,-8657.000000,-3528.000000,1881.000000,2349.000000,190.000000,-206.000000,350.000000
4180.000000,-2497.000000,-8311.000000,-2625.000000,2846.000000,3512.000000,173.000000,-257.000000,347.000000
4041.000000,-4402.000000,-8017.000000,-1327.000000,3208.000000,4887.000000,148.000000,-280.000000,338.000000
4023.000000,-6207.000000,-7694.000000,-1671.000000,3094.000000,5209.000000,113.000000,-311.000000,341.000000
4002.000000,-7409.000000,-7734.000000,-1971.000000,2695.000000,5659.000000,61.000000,-331.000000,341.000000
3242.000000,-7782.000000,-8483.000000,-3330.000000,2140.000000,6680.000000,29.000000,-347.000000,327.000000
2340.000000,-9037.000000,-9447.000000,-1245.000000,1939.000000,6906.000000,-14.000000,-342.000000,316.000000
2747.000000,-10020.000000,-9050.000000,-549.000000,1982.000000,7082.000000,-54.000000,-338.000000,302.000000
3228.000000,-8574.000000,-7855.000000,-1261.000000,1662.000000,7163.000000,-92.000000,-320.000000,280.000000
2324.000000,-6922.000000,-5878.000000,-1210.000000,2529.000000,7689.000000,-100.000000,-288.000000,244.000000
2307.000000,-3948.000000,-5042.000000,-2116.000000,2953.000000,6017.000000,-92.000000,-272.000000,212.000000
1007.000000,-164.000000,-4172.000000,256.000000,2972.000000,6619.000000,-88.000000,-252.000000,200.000000
93.000000,-145.000000,-3572.000000,-520.000000,3459.000000,5139.000000,-100.000000,-236.000000,196.000000
163.000000,-1354.000000,-3559.000000,-1430.000000,3986.000000,4067.000000,-117.000000,-227.000000,205.000000
1197.000000,-319.000000,-4010.000000,-1943.000000,3912.000000,4099.000000,-108.000000,-210.000000,192.000000
1620.000000,-353.000000,-4284.000000,-988.000000,2505.000000,5379.000000,-116.000000,-204.000000,192.000000
3634.000000,-3206.000000,-4364.000000,190.000000,2383.000000,4680.000000,-121.000000,-187.000000,191.000000
3400.000000,-3278.000000,-3480.000000,-623.000000,1483.000000,6352.000000,-113.000000,-147.000000,177.000000
2966.000000,-2212.000000,-3095.000000,-1131.000000,866.000000,6976.000000,-91.000000,-121.000000,163.000000
1965.000000,-737.000000,-2845.000000,-1168.000000,-157.000000,7820.000000,-70.000000,-108.000000,166.000000
813.000000,1140.000000,-2759.000000,-665.000000,-456.000000,7747.000000,-61.000000,-93.000000,165.000000
82.000000,1030.000000,-3297.000000,-594.000000,-899.000000,8309.000000,-74.000000,-84.000000,170.000000
-668.000000,-783.000000,-3805.000000,-444.000000,-815.000000,7686.000000,-85.000000,-81.000000,173.000000
-51.000000,-4500.000000,-4478.000000,-650.000000,-143.000000,5838.000000,-74.000000,-80.000000,168.000000
807.000000,-3803.000000,-3657.000000,1718.000000,904.000000,7138.000000,-38.000000,-72.000000,158.000000
1219.000000,364.000000,-2874.000000,-5670.000000,-61.000000,4744.000000,-1.000000,-55.000000,161.000000
1500.000000,169.000000,-5864.000000,-5445.000000,-1986.000000,7248.000000,-10.000000,-42.000000,164.000000
-326.000000,-2909.000000,-8424.000000,-4469.000000,-3222.000000,11136.000000,2.000000,-42.000000,156.000000
-1267.000000,-2737.000000,-9980.000000,-3397.000000,-3589.000000,5730.000000,27.000000,-51.000000,161.000000
-976.000000,-3752.000000,-9847.000000,74.000000,-2448.000000,6776.000000,58.000000,-70.000000,160.000000
-843.000000,-3873.000000,-8193.000000,75.000000,-644.000000,5945.000000,92.000000,-100.000000,160.000000
613.000000,-2968.000000,-7587.000000,-1620.000000,-100.000000,3689.000000,111.000000,-123.000000,165.000000
2010.000000,-1875.000000,-7898.000000,-2189.000000,-463.000000,4083.000000,133.000000,-151.000000,165.000000
3129.000000,-2059.000000,-7041.000000,-988.000000,-448.000000,5684.000000,121.000000,-169.000000,171.000000
3421.000000,-1781.000000,-7185.000000,-2593.000000,-588.000000,6420.000000,130.000000,-170.000000,170.000000
3176.000000,-8.000000,-7444.000000,682.000000,-2203.000000,8811.000000,123.000000,-179.000000,171.000000
1157.000000,753.000000,-5647.000000,3950.000000,-2715.000000,9906.000000,113.000000,-195.000000,165.000000
-729.000000,1132.000000,-2531.000000,4897.000000,-2081.000000,8930.000000,95.000000,-191.000000,161.000000
-2282.000000,8.000000,-97.000000,3484.000000,-1084.000000,7657.000000,86.000000,-208.000000,156.000000
-2787.000000,-560.000000,1870.000000,3118.000000,-424.000000,5904.000000,88.000000,-218.000000,168.000000
-2965.000000,-1138.000000,4304.000000,2832.000000,68.000000,5651.000000,89.000000,-235.000000,181.000000
-3052.000000,-1108.000000,6567.000000,666.000000,-184.000000,4868.000000,112.000000,-242.000000,192.000000
-2407.000000,-311.000000,7905.000000,-2607.000000,-499.000000,3877.000000,130.000000,-228.000000,212.000000
-969.000000,1249.000000,7594.000000,-6362.000000,-498.000000,3279.000000,152.000000,-210.000000,218.000000
-193.000000,2256.000000,6501.000000,-6110.000000,-123.000000,6794.000000,160.000000,-178.000000,204.000000
-1935.000000,609.000000,6605.000000,-4410.000000,-294.000000,8473.000000,168.000000,-140.000000,204.000000
-1523.000000,3759.000000,6225.000000,-5888.000000,-423.000000,5113.000000,163.000000,-129.000000,207.000000
-1604.000000,3745.000000,6009.000000,-4409.000000,-465.000000,7692.000000,146.000000,-98.000000,190.000000
-2515.000000,3742.000000,6380.000000,-4187.000000,-544.000000,7506.000000,125.000000,-85.000000,183.000000
-1951.000000,5371.000000,6292.000000,-3712.000000,-533.000000,5573.000000,95.000000,-87.000000,169.000000
-1139.000000,4643.000000,8305.000000,899.000000,-1791.000000,7541.000000,65.000000,-85.000000,163.000000
-1127.000000,6265.000000,9665.000000,-4033.000000,-3351.000000,8940.000000,43.000000,-79.000000,145.000000
-1493.000000,5785.000000,7161.000000,-5995.000000,-1458.000000,8335.000000,-14.000000,-74.000000,154.000000
-1233.000000,7264.000000,6053.000000,880.000000,-197.000000,8971.000000,-43.000000,-87.000000,155.000000
-1692.000000,7426.000000,7789.000000,852.000000,-896.000000,8985.000000,-93.000000,-115.000000,165.000000
-2291.000000,6541.000000,6919.000000,-2928.000000,237.000000,9399.000000,-143.000000,-131.000000,189.000000
-3103.000000,8203.000000,5093.000000,-1763.000000,1784.000000,6790.000000,-167.000000,-179.000000,211.000000
-2737.000000,6733.000000,4888.000000,-224.000000,2821.000000,3554.000000,-200.000000,-204.000000,258.000000
-3059.000000,3910.000000,3662.000000,-3204.000000,4181.000000,2497.000000,-205.000000,-245.000000,295.000000
-2633.000000,1637.000000,1648.000000,-3041.000000,5240.000000,-1933.000000,-199.000000,-273.000000,335.000000
705.000000,-1085.000000,227.000000,-1632.000000,6007.000000,-3519.000000,-201.000000,-277.000000,359.000000
2751.000000,-4675.000000,-1079.000000,-2058.000000,5717.000000,21.000000,-198.000000,-282.000000,344.000000
3665.000000,-6295.000000,-2303.000000,-2253.000000,4555.000000,3096.000000,-186.000000,-272.000000,314.000000
3379.000000,-8457.000000,-3092.000000,-2648.000000,3833.000000,5595.000000,-179.000000,-249.000000,275.000000
2499.000000,-9070.000000,-3423.000000,-1759.000000,3399.000000,8419.000000,-159.000000,-219.000000,229.000000
1566.000000,-12515.000000,-3232.000000,-2399.000000,3355.000000,7558.000000,-122.000000,-202.000000,192.000000
1930.000000,-10052.000000,-3362.000000,-3979.000000,3296.000000,6167.000000,-53.000000,-185.000000,159.000000
1272.000000,-6521.000000,-3520.000000,-6523.000000,3166.000000,8497.000000,4.000000,-174.000000,156.000000
-1851.000000,-9305.000000,-5415.000000,-8793.000000,2738.000000,8152.000000,46.000000,-168.000000,160.000000
