-0.386164,-4.156193,-0.458603,5.075124,4.489533,2.181896,-2.490272,39.111925,-39.990845,0.418752,0.406508,0.496515,0.642551
-2.021903,-6.795426,-1.686872,5.515814,4.254817,2.463315,-6.884871,41.162737,-40.283818,0.386214,0.376681,0.559260,0.629427
-3.519687,-7.289716,-1.957986,8.498856,3.545881,2.738747,-9.961089,42.188144,-42.774090,0.283688,0.369412,0.639621,0.611508
-4.832646,-5.606040,-1.726287,8.320425,1.974724,1.858564,-14.062715,45.703822,-48.340581,0.163561,0.393128,0.704555,0.567714
-6.423643,-4.826254,-1.303904,12.204008,-0.525715,-1.438231,-11.572442,47.022202,-61.670863,0.056817,0.451570,0.742591,0.491340
-7.009547,-3.485066,-0.797895,9.080855,-0.841862,-3.712337,-8.642710,45.264363,-74.854658,-0.060664,0.498092,0.758734,0.415388
-8.553671,-5.073932,-2.199805,10.649617,-4.687125,-9.327546,-3.662165,32.080568,-86.866560,-0.185322,0.528244,0.755716,0.339864
-6.343747,-2.554010,-2.409665,11.740565,-2.105254,-10.401729,8.203250,14.062715,-84.669261,-0.402487,0.500324,0.704491,0.302277
-6.019369,-4.067242,-2.580642,14.626607,-6.570836,-5.081111,10.693523,2.490272,-81.593042,-0.570602,0.473477,0.623575,0.247764
-5.003623,-5.693925,-2.999298,16.492356,-7.028292,-7.331267,14.209201,-7.763790,-68.702220,-0.732289,0.392991,0.512324,0.216412
-3.174536,-4.299473,-0.405339,18.586833,-7.793512,0.102987,11.865415,-12.158389,-57.569238,-0.884966,0.252979,0.337429,0.197431
-3.235257,-2.633374,2.267983,10.884332,-7.328872,4.159015,10.547036,-10.840009,-46.875715,-0.949138,0.098057,0.196957,0.225234
-1.953192,-0.526249,3.506371,7.701303,-2.562710,0.227530,10.693523,-5.127031,-39.111925,-0.949757,-0.101892,0.117190,0.271748
0.490029,1.767301,5.821759,8.132413,-3.105190,2.186686,13.183795,1.757839,-35.449760,-0.934734,-0.244737,0.021804,0.256710
1.643195,2.823526,7.871359,4.590125,-4.478755,7.490538,20.068666,9.814603,-37.940032,-0.904720,-0.307857,-0.062319,0.287789
2.108723,3.163884,8.514789,2.034600,-4.278768,6.764836,20.508125,21.972992,-43.653010,-0.860461,-0.338385,-0.124036,0.360164
2.490094,2.887976,8.628241,-0.714924,-4.744606,7.752797,13.183795,34.570840,-47.168688,-0.819964,-0.334106,-0.176648,0.429916
2.809678,2.244546,8.424772,-4.894297,-4.800890,10.013729,0.000000,43.653010,-45.410849,-0.793351,-0.295649,-0.217197,0.485810
2.123637,1.538265,7.209820,-7.315699,-3.515942,9.238929,-11.865415,42.627604,-42.627604,-0.778720,-0.217643,-0.242838,0.535963
2.101799,1.776888,5.961311,-7.828241,-3.919509,10.450827,-21.972992,37.500572,-38.379492,-0.772191,-0.133232,-0.239210,0.573366
2.755349,3.321545,4.931184,-5.059556,-5.265531,11.160961,-26.221103,29.443809,-34.424353,-0.779918,-0.041130,-0.205819,0.589640
1.734810,2.178499,4.110386,-0.816714,-5.970875,10.808888,-22.265965,17.871366,-31.055161,-0.801351,0.072779,-0.127470,0.579906
0.516128,2.665332,4.820928,4.168595,-7.279773,11.904626,-19.922179,12.597848,-29.004349,-0.823130,0.121438,-0.059403,0.551526
0.015447,1.390724,4.277635,3.680004,-5.004470,10.076001,-13.476768,9.375143,-28.711376,-0.833783,0.114669,0.018259,0.539744
-0.270581,1.813640,4.525845,3.749460,-3.571029,9.464064,-8.935683,8.935683,-28.271916,-0.843670,0.069509,0.065692,0.528275
-0.591763,1.786476,4.239817,3.973398,-1.872934,7.031885,-6.298924,10.400549,-28.564889,-0.822121,0.019895,0.115724,0.557073
0.455940,-0.160325,4.746358,5.205654,-0.881381,3.777003,-3.076219,13.330282,-28.857862,-0.779848,-0.041707,0.155762,0.604843
0.656746,-1.205365,4.638232,2.551932,-1.124479,5.329000,-5.127031,12.744335,-27.685969,-0.722242,-0.133580,0.103798,0.670633
0.738240,-1.707112,4.886443,1.966341,-1.150824,4.670359,-7.177844,13.330282,-28.564889,-0.671384,-0.227938,0.041974,0.703936
1.978759,-1.572887,5.138381,-3.060882,-1.695700,3.792571,-11.572442,12.451362,-27.978943,-0.615054,-0.326776,-0.052473,0.715663
1.936680,-2.548684,3.914374,-5.441567,-1.530441,9.474842,-14.648661,7.031357,-28.418402,-0.592110,-0.338534,-0.119360,0.721494
0.646625,-3.275205,3.667761,-2.464513,-1.435836,4.509891,-18.457313,3.222705,-30.762188,-0.583843,-0.362658,-0.239733,0.685664
1.565963,-4.617992,3.788138,-8.193487,-2.292069,2.177106,-25.342184,0.439460,-34.131380,-0.549225,-0.407679,-0.371165,0.628002
1.970237,-4.799622,3.908515,-8.817399,-6.178047,0.572418,-28.857862,-5.420005,-40.576791,-0.507408,-0.391522,-0.511348,0.572514
1.764637,-3.846729,4.056589,-10.519086,-7.442637,-1.831020,-29.736782,-10.986496,-46.436255,-0.451472,-0.352225,-0.650524,0.498928
2.464527,-5.169807,3.729548,-9.062892,-10.155038,-4.832026,-27.246509,-15.820554,-55.078965,-0.387646,-0.264632,-0.759230,0.450856
2.237622,-6.516322,3.506371,-10.849604,-10.681950,-7.388748,-22.851911,-20.215152,-62.696269,-0.288924,-0.165749,-0.862384,0.381242
1.847729,-6.994633,2.461331,-5.772085,-10.503518,-6.639095,-15.820554,-21.680018,-67.969787,-0.127785,-0.055686,-0.931428,0.336171
1.862643,-6.501941,2.221643,-2.368710,-9.300003,-11.929774,-8.642710,-20.654612,-70.753033,0.057880,0.006112,-0.952939,0.297524
2.871464,-4.804949,1.196843,-1.108911,-9.018584,-8.787461,-1.464866,-17.578393,-70.313573,0.240446,0.045352,-0.924903,0.291003
2.712737,-5.333328,1.046106,7.181576,-8.714412,-10.680753,1.171893,-15.234607,-70.606546,0.390489,0.063540,-0.884938,0.245696
3.944734,-5.642792,0.450081,3.897954,-8.371919,-7.677352,6.591897,-13.623255,-67.237354,0.531678,0.055654,-0.816032,0.219803
2.566794,-4.583903,1.455706,9.632916,-8.044993,-1.625046,9.082170,-11.718929,-64.454108,0.678384,0.023131,-0.717741,0.155270
2.444819,-2.270646,2.644559,10.752604,-6.404380,-3.818917,13.037308,-9.521630,-61.670863,0.773712,0.036329,-0.626092,0.089766
1.927625,-2.505540,2.663202,9.535916,-5.566110,0.653850,15.820554,-6.738384,-61.231403,0.836755,0.071361,-0.542897,0.003282
2.290886,-1.771562,3.250171,10.794518,-4.561384,-0.494579,20.215152,-2.636759,-56.836805,0.878525,0.136336,-0.451702,-0.074645
2.733510,-0.482040,5.076595,10.663987,-4.488335,1.669354,20.654612,3.076219,-55.811398,0.904652,0.195825,-0.343714,-0.158488
3.206495,0.928392,6.716595,7.827043,-4.911062,2.246563,22.851911,11.132982,-55.957885,0.894140,0.261651,-0.235606,-0.276664
2.791568,0.609341,6.777848,3.477621,-3.658448,4.903877,20.654612,25.635157,-56.690318,0.840339,0.312406,-0.134521,-0.422062
4.008651,1.380604,7.886806,1.926823,-5.033210,4.384150,11.132982,37.207599,-55.371939,0.770883,0.365993,-0.038521,-0.519909
4.464059,1.033322,8.693223,-1.075380,-8.982658,9.521545,-0.292973,43.360037,-48.926528,0.704025,0.359802,0.052329,-0.610044
4.127430,0.956622,7.522480,-7.520476,-8.136005,12.381242,-14.062715,41.309224,-41.016251,0.636349,0.315628,0.144237,-0.688938
4.052860,1.947333,5.924026,-9.100016,-8.407844,11.695059,-23.437858,31.641108,-35.742733,0.585527,0.233819,0.213812,-0.746171
2.224839,1.636804,4.550346,0.768813,-9.502385,14.057782,-23.291371,21.240558,-30.322728,0.566011,0.109017,0.239437,-0.781292
2.446950,1.526547,5.840934,2.131600,-9.479632,8.603041,-21.094072,12.304875,-29.004349,0.567662,0.045129,0.257884,-0.780525
0.841572,1.453043,5.767962,1.805872,-10.501123,13.860190,-15.381094,2.783246,-29.150835,0.553213,-0.029183,0.252877,-0.793194
-1.513764,1.154232,5.518687,2.833351,-7.645019,11.552553,-9.228656,-0.439460,-29.150835,0.531003,-0.092133,0.203436,-0.817411
-0.813874,0.993374,4.695225,2.122020,-4.618866,3.614140,-4.541085,4.541085,-29.736782,0.502752,-0.094640,0.101414,-0.853228
0.276440,-1.031192,4.814003,5.325407,-1.443021,3.888374,-2.343786,6.738384,-28.418402,0.328047,-0.083103,0.003421,-0.940993
1.352906,-0.471919,5.450509,1.761564,-2.702821,4.162607,-4.248112,9.814603,-28.271916,0.129219,-0.006840,-0.011112,-0.991530
2.321247,-2.952425,5.554374,3.051301,-2.705216,3.391399,-2.783246,8.642710,-29.150835,-0.102063,0.027401,-0.048429,-0.993220
2.763871,-4.391087,5.101097,-5.597246,-3.879991,4.750594,-9.082170,6.738384,-29.004349,-0.313597,0.148886,-0.092874,-0.933201
2.149204,-5.391918,2.566794,-7.678550,-1.955563,5.720591,-14.648661,0.878920,-31.055161,-0.495678,0.217502,-0.107320,-0.833954
2.636570,-6.742161,2.463994,-6.744478,-4.869149,2.760302,-22.412451,-2.490272,-35.303273,-0.595763,0.307332,-0.164501,-0.723569
2.908749,-7.337653,1.725755,-17.398885,-4.701495,0.053889,-30.908675,-9.814603,-44.385443,-0.635805,0.405533,-0.277926,-0.595023
3.301305,-8.555269,0.855953,-10.004149,-7.490538,-0.845455,-33.691920,-10.840009,-59.180591,-0.615808,0.506477,-0.394108,-0.457100
2.602481,-8.759803,1.198973,-12.545304,-6.380429,-9.980199,-32.227054,-12.597848,-73.536278,-0.478607,0.590515,-0.555326,-0.337401
3.433400,-8.510527,-0.250874,-10.131087,-6.055899,-10.484358,-21.533532,-10.400549,-83.936828,-0.306062,0.634119,-0.677798,-0.211683
1.778486,-5.518154,-1.203767,-1.173577,-4.109916,-7.866562,-10.107576,-6.884871,-88.331426,-0.060904,0.695221,-0.707070,-0.114061
2.141214,-2.449080,-1.323611,5.324210,-3.053696,-12.760859,-2.783246,-3.955138,-86.280613,0.113848,0.735973,-0.666195,-0.039574
3.140980,-0.464462,-1.167548,6.810342,-3.297992,-12.906957,-0.292973,-4.101625,-86.134127,0.215065,0.759327,-0.613329,-0.031590
5.108021,4.310658,-0.724924,10.234075,-3.295597,-13.682955,-2.197299,1.611353,-88.917372,0.317376,0.762795,-0.558833,-0.071561
5.663565,8.373639,0.740370,9.528731,-0.932874,-9.425743,-11.572442,10.107576,-93.604944,0.380812,0.713162,-0.533333,-0.248873
5.149034,8.616523,1.322546,4.578150,1.395120,-5.144580,-30.176242,22.851911,-88.770886,0.337276,0.599770,-0.502359,-0.523598
4.204663,6.432165,1.014147,-0.330518,2.532772,-0.573616,-41.602197,26.660563,-77.051957,0.223793,0.446119,-0.419415,-0.758278
4.008119,6.724584,1.263423,0.688579,2.301649,2.862092,-43.360037,26.660563,-60.645457,0.119604,0.305410,-0.301669,-0.895218
3.011549,4.337823,0.891640,0.165259,1.492120,8.047388,-39.697871,22.412451,-47.608148,-0.010535,0.196637,-0.205254,-0.958694
3.008353,4.077894,0.817603,-2.106452,1.537626,7.316896,-33.252461,18.603799,-38.818952,-0.120786,0.125726,-0.149133,-0.973326
3.339655,1.440259,-0.208795,2.026217,-0.223938,9.291620,-26.514076,13.916228,-33.252461,-0.231382,0.036103,-0.044520,-0.971173
2.846430,1.337460,0.597622,0.051494,-2.080106,12.433934,-23.730831,7.324331,-32.227054,-0.302121,0.048635,0.030247,-0.951547
2.142812,-0.118779,0.448483,0.316147,-3.039326,9.605372,-21.680018,4.101625,-32.813001,-0.372899,0.046740,0.106919,-0.920505
0.878324,0.425580,0.502812,-1.162800,-3.103993,10.969357,-22.265965,-1.757839,-33.691920,-0.428123,0.073858,0.146686,-0.888672
0.283365,0.421851,-0.240221,0.017963,-2.451340,7.284563,-19.922179,-1.464866,-33.105974,-0.464715,0.064195,0.184984,-0.863539
0.822397,0.804820,0.322780,3.111178,-3.263264,7.071403,-21.094072,-1.464866,-33.984894,-0.477582,0.054987,0.205511,-0.852442
0.651419,0.549685,0.614667,0.010778,-3.515942,9.345509,-19.336233,-4.101625,-34.277867,-0.497894,0.067595,0.214773,-0.837499
-0.021838,-0.046872,-0.543293,0.392789,-3.972201,9.204201,-18.457313,-5.566491,-32.813001,-0.510995,0.048069,0.254057,-0.819773
-0.166184,-0.128366,-0.745696,1.099331,-4.136262,7.591130,-19.629206,-3.515679,-33.398947,-0.496397,0.036721,0.268595,-0.824680
-0.395219,-0.314258,-1.142514,1.365182,-4.308706,7.883327,-19.336233,-3.222705,-33.691920,-0.480785,0.031679,0.266980,-0.834604
-0.185359,0.243949,-0.813874,1.918440,-3.666831,7.312106,-22.412451,-1.611353,-33.252461,-0.455859,0.032984,0.253752,-0.852476
-0.117714,0.378707,-0.175239,1.540021,-3.792571,6.643886,-22.412451,-1.025406,-32.959487,-0.443076,0.033335,0.248077,-0.860831
0.078831,0.369652,-0.933186,0.713727,-3.462054,6.768428,-21.680018,-1.757839,-32.227054,-0.445613,0.024116,0.243097,-0.861250
0.445287,0.373381,-1.094043,0.864615,-4.120694,6.795972,-21.094072,-0.585946,-33.105974,-0.423607,0.010989,0.251617,-0.870129
0.091614,0.303605,-1.249574,3.064474,-4.529051,8.592264,-22.998398,1.025406,-31.787594,-0.388025,-0.001626,0.262476,-0.883482
-0.169912,0.246612,-1.047171,1.250219,-4.136262,6.960033,-22.998398,0.439460,-32.373541,-0.351483,0.002786,0.261332,-0.898976
0.021306,0.196544,-1.182462,2.173513,-4.068003,7.518081,-23.144884,2.636759,-30.762188,-0.313110,-0.007545,0.254064,-0.915072
-0.095343,0.180032,-0.943839,1.288540,-4.059620,7.896500,-23.437858,3.808652,-32.227054,-0.273654,-0.005495,0.249615,-0.928857
-0.098006,0.173641,-1.140916,0.120950,-4.006929,7.662982,-24.316777,4.687572,-31.934081,-0.234927,-0.012542,0.246669,-0.940110
-0.007457,0.197077,-1.628282,1.003528,-4.193743,6.944465,-25.488670,6.152438,-29.297322,-0.189251,-0.028175,0.244905,-0.950480
0.101202,0.156064,-1.592062,1.456194,-4.404508,7.818661,-24.170291,8.056764,-31.201648,-0.134826,-0.032620,0.235659,-0.961885
-0.115050,0.100136,-1.410432,1.061010,-4.429656,8.434190,-26.221103,9.228656,-31.787594,-0.071041,-0.033732,0.230243,-0.969950
-0.328106,-0.094277,-1.376875,0.871800,-4.008126,7.689328,-24.902724,11.718929,-30.762188,-0.007812,-0.036973,0.220851,-0.974575
-0.315856,0.006924,-1.456771,0.531702,-3.766226,8.313240,-25.635157,13.916228,-30.322728,0.049866,-0.033507,0.203862,-0.977154
-0.532108,0.010120,-1.320415,-0.007185,-3.117165,6.964823,-24.170291,16.845960,-30.029755,0.108088,-0.032392,0.189601,-0.975356
-0.276440,0.185359,-1.101500,-0.650258,-3.076450,7.567180,-23.730831,19.043259,-30.176242,0.153105,-0.032628,0.165195,-0.973758
-0.182696,0.135823,-2.074102,-1.793897,-2.995018,7.486945,-23.730831,20.508125,-30.762188,0.184952,-0.043634,0.143469,-0.971239
0.086288,-0.079363,-2.471451,0.390394,-2.898018,6.981588,-21.533532,23.291371,-29.736782,0.236340,-0.063151,0.117123,-0.962516
0.398415,-0.133160,-2.426177,0.255073,-3.039326,7.659389,-20.654612,24.756237,-29.736782,0.295057,-0.057449,0.105719,-0.947874
0.227970,0.069776,-1.927625,0.602357,-3.286017,8.353956,-18.310826,24.463264,-29.443809,0.359258,-0.053273,0.102753,-0.926033
-0.119311,0.036220,-1.893536,0.281419,-2.834549,8.467721,-16.406500,25.488670,-27.539483,0.418849,-0.049300,0.095288,-0.901696
-0.128899,0.104930,-2.010185,-0.759233,-2.175908,7.207921,-14.209201,27.100023,-26.807050,0.478209,-0.043549,0.081539,-0.873367
-0.065515,0.331835,-1.861045,-0.244296,-2.183094,7.836623,-13.476768,26.367590,-28.711376,0.535642,-0.049713,0.058797,-0.840928
-0.156064,0.235427,-2.139084,-0.699356,-2.282488,7.916858,-9.375143,27.539483,-27.539483,0.595567,-0.056989,0.036440,-0.800453
0.060188,0.277506,-2.055992,0.197592,-1.887304,6.964823,-6.738384,28.711376,-29.297322,0.650385,-0.065566,0.007448,-0.756733
0.121442,0.305203,-2.090613,1.047837,-2.136390,8.794646,-2.929732,27.832456,-28.125429,0.699398,-0.070544,-0.011984,-0.711142
-0.011718,0.178435,-1.363559,2.065736,-0.925689,7.342044,-0.292973,26.074617,-26.953536,0.744544,-0.071828,-0.024215,-0.663256
0.268983,0.396284,-1.174472,0.348481,-1.144837,8.746745,1.757839,26.074617,-28.125429,0.778742,-0.062318,-0.021140,-0.623884
-0.153933,0.020240,-1.131328,1.671749,-1.535231,7.738426,3.515679,23.437858,-29.590295,0.802002,-0.079815,-0.036875,-0.590815
0.110789,0.272712,-1.114284,-0.459851,-1.265787,7.798303,3.955138,22.705425,-27.685969,0.825089,-0.066917,-0.040801,-0.559540
-0.129964,0.077233,-2.412861,0.607147,-2.205847,8.149178,5.712978,20.654612,-28.271916,0.842241,-0.085120,-0.066961,-0.528110
-0.223176,-0.081494,-1.863176,3.257276,-0.966405,7.906080,7.324331,18.164340,-28.418402,0.874864,-0.082052,-0.084242,-0.469876
-0.162455,-0.150205,-1.268749,1.003528,-0.928084,7.551612,7.617304,16.992447,-28.418402,0.903201,-0.066147,-0.073605,-0.417655
-0.109191,0.287626,-1.100435,3.076450,-0.639480,7.606698,8.642710,15.967041,-28.271916,0.922901,-0.061246,-0.079805,-0.371663
-0.120909,0.484170,-0.612004,1.841798,-0.573616,8.033018,8.789197,14.648661,-29.883268,0.941565,-0.053066,-0.077084,-0.323571
-0.292420,0.731315,-1.088717,1.676539,-0.562838,7.831833,10.254063,14.062715,-29.883268,0.952283,-0.053315,-0.091330,-0.286312
0.029295,0.485235,-0.683910,2.937536,-0.556851,6.779206,11.279469,13.330282,-30.615702,0.963206,-0.053738,-0.115218,-0.236795
0.115050,0.549152,-0.980591,1.308898,-0.764023,7.994697,11.279469,11.865415,-31.494621,0.971523,-0.053483,-0.120394,-0.196948
0.000533,0.005326,-1.377408,2.111242,-1.165195,7.994697,12.158389,9.228656,-32.080568,0.975407,-0.063380,-0.145523,-0.152931
-0.071906,-0.742501,-1.504709,3.100400,-1.425058,7.938413,10.693523,6.591897,-32.373541,0.980369,-0.065768,-0.152771,-0.105887
0.021306,-1.256499,-1.401377,2.441760,-1.244232,7.324081,8.642710,5.420005,-32.080568,0.987485,-0.061618,-0.133327,-0.057456
0.231699,-1.154764,-1.053563,2.780660,-1.864551,8.292882,6.005951,4.248112,-30.615702,0.992966,-0.060790,-0.101340,-0.007261
-0.095875,-0.413862,-0.380838,2.780660,-1.397515,8.483289,2.490272,2.490272,-30.029755,0.995181,-0.061365,-0.067183,0.036535
-0.135823,-0.160857,-0.527847,1.119689,-1.204713,7.422279,2.929732,2.929732,-30.762188,0.996341,-0.059039,-0.045904,0.041375
0.061254,-0.168314,-0.859149,0.261061,-1.027479,7.391143,1.318379,3.662165,-29.736782,0.995423,-0.053012,-0.041270,0.067962
0.613602,-0.404807,-0.007457,1.474157,-1.532836,8.023438,1.025406,2.197299,-29.443809,0.989226,-0.052077,-0.045558,0.129010
0.108659,0.095875,-0.548620,0.271839,-2.195069,8.367128,0.732433,1.318379,-29.443809,0.992944,-0.066874,-0.030443,0.093081
-0.433037,0.426112,-1.054095,0.250283,-1.440626,7.836623,0.585946,1.464866,-29.004349,0.995797,-0.059760,-0.035567,0.059592
-0.423449,0.368054,-0.903891,0.543678,-0.890961,8.321622,0.585946,1.757839,-29.883268,0.994735,-0.043043,-0.051361,0.077539
-0.141150,-0.169380,-0.412264,1.678934,-0.884973,7.733636,0.439460,1.318379,-30.322728,0.989471,-0.029828,-0.066837,0.124861
-0.146476,-0.410133,-0.477778,1.136454,-1.141244,8.379104,-0.585946,0.585946,-29.883268,0.985605,-0.026885,-0.060314,0.155632
-0.463930,-0.128899,-1.177135,0.502962,-0.864615,7.661784,-2.343786,1.757839,-30.469215,0.984689,-0.021539,-0.052635,0.164784
-0.074037,-0.297746,-0.903891,0.437098,-0.647863,7.389946,-2.929732,0.878920,-29.590295,0.953670,-0.000442,-0.053824,0.296000
0.115050,0.447418,-1.439727,-0.645468,-1.183158,7.722858,-3.369192,1.904326,-30.029755,0.913609,0.007995,-0.053403,0.402993
-0.385632,0.348347,-1.412562,1.917242,-1.357997,7.445032,-3.662165,2.197299,-29.736782,0.844907,0.043177,-0.083953,0.526517
0.043144,-0.281234,-1.186190,1.740008,0.045506,6.861836,-4.248112,1.025406,-30.029755,0.769824,0.068952,-0.075815,0.629976
0.874595,-0.206664,-1.238921,1.579539,-0.559246,7.811475,-6.298924,1.025406,-31.494621,0.678940,0.063854,-0.069759,0.728078
0.811211,0.362728,-0.847963,1.864551,-1.395120,8.230610,-6.005951,-0.146487,-31.787594,0.683463,0.039868,-0.086938,0.723693
0.636505,0.080961,-0.942773,2.186686,-2.159143,8.297672,-7.324331,-1.171893,-32.227054,0.648292,0.035737,-0.107173,0.752964
0.312127,0.197077,-0.909750,1.967539,-2.541154,8.377906,-8.496223,-2.343786,-33.398947,0.627854,0.025539,-0.115101,0.769350
-0.086288,0.498551,-1.155830,2.120822,-2.201057,8.525202,-8.349737,-3.076219,-34.131380,0.608376,0.024654,-0.119648,0.784191
-0.537434,-0.177369,-0.935316,2.555525,-1.681329,8.432992,-9.521630,-2.783246,-33.252461,0.564607,0.035193,-0.123828,0.815259
0.010653,0.375511,-0.932653,1.643008,-1.110108,6.961230,-9.375143,-2.343786,-33.984894,0.544652,0.029297,-0.108468,0.831102
0.241286,0.565131,-0.640766,2.426192,-2.447747,8.072537,-10.400549,-1.025406,-32.959487,0.508270,0.033470,-0.118769,0.852312
-0.629581,0.184826,-1.046638,3.126746,-2.204649,8.947930,-9.668116,-1.171893,-33.691920,0.485747,0.038889,-0.124797,0.864271
-0.099604,0.015447,-2.019240,2.017835,-1.229861,6.102603,-9.668116,-0.292973,-31.934081,0.448314,0.040407,-0.107740,0.886439
0.554479,-0.062319,-1.682078,2.990228,-1.401108,7.236662,-10.986496,-0.146487,-32.666514,0.397701,0.028377,-0.103802,0.911182
1.290055,-0.976330,-1.457304,1.044244,-2.248958,8.139598,-12.597848,-1.171893,-31.934081,0.354996,0.001424,-0.111356,0.928211
0.317986,0.444222,-0.557674,3.411757,-3.204585,8.175524,-15.381094,-1.611353,-35.889220,0.311183,-0.034552,-0.134977,0.940081
0.292952,0.387230,-0.048470,2.366315,-2.761500,7.612686,-14.795148,-3.076219,-35.010300,0.280709,-0.047981,-0.131838,0.949484
0.007457,0.268451,-0.003196,1.777132,-2.723179,8.127623,-15.088121,-2.197299,-34.424353,0.251366,-0.054725,-0.135197,0.956840
0.120377,0.019708,-0.152335,1.825033,-2.842932,7.490538,-14.795148,-3.076219,-34.717327,0.224762,-0.057828,-0.136685,0.963045
0.219980,0.177902,-0.401611,2.444155,-3.410560,8.065351,-13.623255,-2.783246,-33.838407,0.186325,-0.068163,-0.136185,0.970613
-0.037285,-0.361130,-0.436232,2.238180,-3.481214,8.543165,-15.088121,-2.490272,-35.889220,0.132469,-0.079084,-0.135784,0.978652
0.087353,-0.563533,-0.545424,2.017835,-3.664436,7.811475,-15.234607,-3.808652,-34.277867,0.079325,-0.102419,-0.129829,0.983037
-0.796297,-2.168911,-0.906021,0.917306,-3.713534,10.121507,-17.138933,-2.783246,-35.596246,0.014754,-0.132910,-0.123992,0.983231
-0.846898,-2.530042,-0.461799,2.105254,-2.577080,5.690653,-22.705425,-0.732433,-35.889220,-0.042724,-0.201203,-0.103597,0.973119
-0.431439,-1.629347,0.484170,-1.199923,-2.336377,6.928897,-26.074617,1.171893,-37.500572,-0.080656,-0.298509,-0.077910,0.947796
-0.143813,-1.748126,0.059123,-3.046511,-1.856168,6.267862,-28.418402,1.171893,-39.844358,-0.094220,-0.354839,-0.073526,0.927257
0.034089,-1.956921,0.318519,-3.321943,-2.355538,7.103736,-30.908675,1.318379,-41.162737,-0.121674,-0.402630,-0.079546,0.903746
0.061786,-2.175836,0.087886,-5.433185,-1.918440,6.041529,-32.520027,1.757839,-43.945983,-0.148199,-0.458976,-0.098866,0.870404
0.007457,-2.155063,0.210393,-4.647606,-2.108847,5.255951,-35.303273,1.904326,-46.143282,-0.181392,-0.506929,-0.127340,0.833010
0.090549,-2.827788,0.470321,-6.498985,-2.203452,4.948186,-37.500572,1.464866,-50.391394,-0.214133,-0.557470,-0.164587,0.785039
-0.748360,-2.599818,0.203469,-8.106067,-1.934008,3.432115,-39.697871,0.439460,-55.518425,-0.237658,-0.608512,-0.227154,0.722242
-0.405872,-2.886911,0.667931,-6.330133,-2.083699,0.622715,-41.016251,1.171893,-59.180591,-0.249112,-0.647452,-0.280788,0.663255
-0.428775,-2.868801,0.423982,-9.733508,-2.192674,-1.075380,-40.430304,0.585946,-63.282216,-0.259834,-0.669367,-0.348282,0.602606
0.123040,-2.461864,0.152868,-8.698844,-2.138785,-1.856168,-41.602197,0.000000,-68.262760,-0.262481,-0.677058,-0.421693,0.543021
-0.207730,-2.450678,0.517726,-8.156363,-2.799821,-3.088425,-39.258412,-0.585946,-72.071412,-0.273936,-0.667861,-0.501942,0.476419
-0.029295,-2.614731,0.302540,-8.421017,-2.453735,-5.370913,-36.182193,-0.439460,-74.854658,-0.271160,-0.644164,-0.583576,0.413478
-0.072439,-2.705280,0.363793,-7.167205,-2.754314,-5.703826,-34.424353,-1.318379,-78.663310,-0.260879,-0.606949,-0.662893,0.352317
-0.087353,-2.333497,0.559805,-6.283430,-2.622586,-8.962300,-31.934081,-2.050813,-81.153582,-0.236680,-0.559982,-0.739927,0.287942
0.258331,-2.643494,0.670594,-6.351689,-2.775870,-10.038878,-29.736782,-1.318379,-83.643854,-0.220147,-0.491512,-0.804379,0.250848
0.437830,-2.671191,0.716401,-5.556530,-3.303980,-9.796977,-26.367590,-3.515679,-86.134127,-0.187693,-0.413380,-0.866653,0.206884
-0.019175,-2.566261,0.673257,-4.198533,-3.389004,-9.937088,-21.680018,-2.050813,-87.891966,-0.143183,-0.327457,-0.920696,0.156811
-0.114518,-2.703682,0.617863,-2.299254,-3.265659,-11.857923,-18.017853,-3.662165,-88.038453,-0.091056,-0.247405,-0.956322,0.126286
0.153933,-2.482637,0.804820,-1.737613,-3.200992,-13.587153,-12.451362,-3.076219,-88.038453,-0.035734,-0.187665,-0.974929,0.114094
0.175239,-2.716466,0.810679,0.953232,-3.771016,-11.719009,-8.203250,-3.515679,-87.891966,0.020684,-0.128817,-0.985700,0.106647
0.298279,-2.970003,0.789373,1.779527,-3.531510,-13.745227,-3.808652,-2.343786,-85.548180,0.079138,-0.085137,-0.988723,0.094420
0.662072,-3.624085,0.945437,4.489533,-3.632103,-11.684281,1.904326,-1.904326,-82.471962,0.150929,-0.050068,-0.983424,0.087122
0.019175,-3.567092,0.569925,3.216560,-3.148301,-10.616086,6.445411,-1.464866,-78.516823,0.233909,-0.025231,-0.969849,0.063580
0.487899,-2.891704,0.680182,8.289289,-2.584266,-11.891453,12.011902,-0.878920,-73.536278,0.330701,-0.005911,-0.941862,0.059144
0.579513,-3.179330,0.460734,4.957766,-2.639352,-6.451084,14.648661,0.292973,-68.262760,0.402256,0.008112,-0.913988,0.052441
0.368054,-1.863176,0.237025,11.152579,-1.844193,-8.176721,16.113527,1.464866,-63.868162,0.484728,0.021592,-0.873854,0.030867
0.421319,-2.781448,0.002663,7.258217,-1.914847,-3.402177,17.724880,1.611353,-60.791943,0.529184,0.027609,-0.847411,0.033125
0.001598,-1.854121,-0.225307,10.907085,-1.889699,-3.525523,18.310826,1.318379,-54.639506,0.585582,0.034402,-0.809293,0.030897
-0.297213,-2.755881,-0.251939,10.569382,-2.113637,-2.063341,18.017853,1.611353,-53.174640,0.620659,0.040668,-0.781400,0.050426
-0.210926,-3.306631,0.127834,11.871095,-2.066933,-2.060946,15.674067,0.146487,-47.608148,0.667919,0.054484,-0.737322,0.085279
-0.116648,-2.923663,0.102800,8.587474,-2.195069,1.530441,13.476768,0.292973,-42.481117,0.726459,0.066698,-0.672434,0.125067
-0.557674,-3.066943,-0.229568,10.709493,-2.629772,2.530377,11.425956,0.000000,-39.844358,0.762749,0.086982,-0.619181,0.165112
-0.349945,-2.880519,-0.259928,8.029425,-2.502834,3.059684,6.298924,1.611353,-35.596246,0.793506,0.104131,-0.552035,0.234014
-0.448483,-1.955855,-0.095875,8.882065,-3.028548,5.849924,1.757839,0.292973,-31.348135,0.809675,0.116298,-0.481779,0.314309
-0.039415,-1.564897,0.010653,7.564785,-1.923230,4.032077,-2.050813,2.050813,-31.934081,0.800733,0.137374,-0.429632,0.394172
0.265255,-1.936680,0.240753,6.880996,-2.371106,6.372047,-3.222705,2.636759,-31.934081,0.780809,0.134896,-0.372174,0.483350
0.404807,-2.320714,-0.056460,3.777003,-2.278896,7.113317,-7.031357,2.050813,-31.348135,0.750040,0.122879,-0.319730,0.565786
0.472452,-1.836011,-0.128366,3.602164,-2.150760,6.448688,-11.425956,1.757839,-31.934081,0.707299,0.105430,-0.282144,0.639537
0.243949,-2.037882,-0.297746,1.050232,-3.239313,9.131151,-15.674067,1.611353,-32.373541,0.681064,0.070981,-0.252066,0.683795
0.129432,-1.300175,-0.279636,2.841734,-2.769882,7.286958,-18.603799,1.025406,-33.252461,0.702390,0.041493,-0.236479,0.670078
0.196544,-0.827723,0.249276,1.561577,-3.302782,8.419820,-22.119478,1.611353,-34.131380,0.750590,-0.005353,-0.206665,0.627595
-0.077233,-0.467126,-0.114518,0.352073,-3.014178,7.274983,-23.291371,2.490272,-36.768139,0.809832,-0.034356,-0.191229,0.553556
0.038350,-0.203469,-0.082559,0.253876,-3.094412,8.842547,-22.412451,1.025406,-35.889220,0.856616,-0.043263,-0.184979,0.479709
-0.311062,0.360598,0.062852,0.952035,-3.214165,7.507303,-23.437858,1.757839,-36.621653,0.894379,-0.055039,-0.187802,0.402228
-0.021838,1.065813,0.382968,0.907726,-2.981845,7.274983,-23.291371,1.611353,-35.889220,0.923892,-0.046821,-0.196329,0.325095
0.034089,1.519623,0.545424,2.663302,-2.403439,6.767231,-21.387045,2.929732,-34.277867,0.942938,-0.039842,-0.230993,0.236479
0.468191,1.600052,0.634907,1.180763,-2.529179,7.555204,-19.189746,1.904326,-34.717327,0.952177,-0.050118,-0.266077,0.141598
0.204534,1.522286,0.332368,4.393730,-3.284819,7.914463,-15.088121,1.025406,-33.252461,0.940265,-0.058083,-0.323590,0.088415
0.104930,1.317220,0.494290,4.252422,-3.145906,8.623399,-11.718929,0.878920,-31.934081,0.927330,-0.057050,-0.363493,0.068386
0.116116,1.342254,0.351543,5.750530,-2.816586,5.938542,-9.228656,0.439460,-32.373541,0.909955,-0.050368,-0.407571,0.057717
0.207730,1.491393,0.292952,5.178111,-3.259671,7.144452,-7.324331,0.878920,-31.934081,0.896237,-0.043496,-0.437981,0.055136
0.007457,2.296745,0.529445,7.434254,-3.206980,5.582876,-5.273518,-0.878920,-32.520027,0.872539,-0.032450,-0.484297,0.055491
0.068178,2.572120,0.748360,8.429400,-2.906401,4.811668,-1.904326,0.439460,-33.545434,0.842945,-0.016177,-0.535225,0.052112
0.199207,2.226969,0.618928,8.771893,-2.490858,2.961487,2.636759,0.000000,-34.277867,0.805962,0.005781,-0.589857,0.049602
0.600818,1.491926,0.278571,9.072472,-2.336377,2.238180,6.298924,0.146487,-36.768139,0.773250,0.021902,-0.631974,0.047042
0.318519,1.172341,0.408535,9.339521,-2.874067,3.767423,9.082170,0.292973,-38.379492,0.749252,0.022145,-0.660384,0.044997
0.423982,1.383267,0.230633,9.956248,-2.577080,0.979578,11.132982,-1.757839,-40.137331,0.719474,0.033049,-0.692580,0.039970
0.088418,1.117479,0.512933,12.084255,-3.258474,1.656181,12.304875,-1.757839,-42.188144,0.694851,0.030540,-0.717764,0.032633
0.227437,1.336927,0.596557,10.642432,-2.247760,-0.790369,13.183795,0.000000,-43.653010,0.668676,0.038288,-0.742218,0.022777
0.399480,1.867970,0.422384,10.432864,-2.088489,-1.505293,13.330282,-0.146487,-45.557336,0.645199,0.043300,-0.762681,0.012653
0.779253,2.363325,0.676986,10.281976,-1.823835,-2.168723,15.674067,-0.439460,-48.780041,0.611178,0.037419,-0.790605,-0.002445
0.520922,1.963312,0.413329,11.188504,-1.955563,-3.458461,15.674067,1.318379,-53.467613,0.564168,0.019431,-0.824645,-0.036017
0.363261,1.487664,0.328639,9.313176,-1.542416,-4.502705,17.138933,2.197299,-56.397345,0.521913,-0.007099,-0.850635,-0.063064
0.190685,1.717765,0.302540,10.138272,-1.373565,-5.449950,18.017853,-0.439460,-59.327077,0.491697,-0.042381,-0.865234,-0.088365
0.175771,1.521221,0.365391,9.170670,-0.972393,-6.551676,17.578393,1.171893,-61.524376,0.452729,-0.096482,-0.879417,-0.111142
0.224774,2.309529,0.295615,8.958707,-0.987961,-7.296538,15.820554,1.464866,-64.454108,0.419519,-0.157755,-0.884147,-0.131912
0.450614,2.584904,0.523053,8.027030,-0.700554,-9.200608,14.941634,2.636759,-68.848707,0.365906,-0.236593,-0.888353,-0.144795
0.240753,2.328171,0.541163,7.206724,-1.041849,-8.829374,12.744335,2.490272,-73.682765,0.305890,-0.324410,-0.881248,-0.156815
0.012783,2.218447,0.528379,5.573295,-0.840665,-10.747814,10.840009,2.929732,-77.637903,0.243027,-0.417975,-0.861269,-0.156365
0.040481,2.058122,0.215719,4.451212,-0.441888,-11.399269,7.910277,3.515679,-79.395743,0.192844,-0.511182,-0.824644,-0.146512
0.043144,1.963845,0.234894,4.079978,-0.684986,-11.477109,5.566491,5.859464,-82.032502,0.151550,-0.607394,-0.769339,-0.127366
-0.026632,2.118843,0.344086,3.026153,-0.829887,-11.865108,1.464866,4.394598,-84.962234,0.110481,-0.694049,-0.704757,-0.096987
-0.117181,1.636271,0.342488,1.247824,-0.621517,-12.504588,-2.197299,3.662165,-87.745480,0.071846,-0.770423,-0.631182,-0.053820
-0.017577,1.380071,0.400013,1.078973,-0.702949,-12.958451,-4.687572,3.808652,-87.891966,0.056259,-0.834037,-0.548521,-0.018483
0.049003,1.299110,0.216252,0.598764,-0.724504,-12.479440,-7.177844,5.127031,-89.503319,0.045720,-0.882889,-0.467033,0.017235
0.097473,1.291120,0.156596,-0.671813,-0.805936,-13.011142,-9.521630,4.834058,-89.503319,0.038500,-0.918480,-0.389641,0.055606
0.410666,1.238921,0.067113,-1.759169,-0.502962,-12.823130,-11.718929,5.859464,-89.356832,0.036235,-0.942379,-0.319353,0.092853
0.677519,1.440259,0.034089,-1.538824,-0.386802,-11.841157,-14.062715,4.980545,-89.649805,0.032902,-0.958194,-0.254054,0.127431
0.374979,1.728951,0.404807,-2.076514,-0.548468,-9.634113,-16.845960,7.763790,-90.968185,0.016946,-0.961845,-0.211482,0.172749
0.186957,1.739603,0.086288,-5.190087,0.197592,-10.552617,-19.629206,9.082170,-91.114672,0.004622,-0.956203,-0.184778,0.226963
0.121975,1.765703,0.397882,-3.381819,-0.202382,-9.430533,-24.023804,8.203250,-89.356832,0.007592,-0.949943,-0.152545,0.272544
0.118779,2.399012,0.543293,-6.237924,0.114963,-10.768172,-23.877317,9.521630,-88.038453,0.007730,-0.934058,-0.129584,0.332693
0.020240,2.672257,0.172575,-6.858243,-0.290999,-7.120502,-28.418402,8.496223,-86.720073,0.013058,-0.908067,-0.115615,0.402340
0.271647,3.365754,0.360065,-9.787397,0.183222,-9.600582,-33.105974,9.082170,-83.497368,0.013521,-0.877114,-0.096458,0.470303
0.607210,2.854952,-0.314790,-8.999423,-0.050296,-5.671493,-36.475166,8.056764,-80.714122,0.012048,-0.825510,-0.089029,0.557191
0.407470,2.557206,-0.538499,-8.392276,0.255073,-4.004534,-39.697871,9.814603,-75.440604,-0.014373,-0.774694,-0.077605,0.627391
0.379240,2.785709,-0.147541,-6.568441,0.207172,-1.256207,-39.990845,10.986496,-73.389792,-0.045376,-0.719878,-0.060068,0.690006
-0.092679,2.277037,0.046872,-7.646217,0.863418,0.164061,-42.334630,12.744335,-69.874113,-0.075814,-0.659086,-0.048113,0.746688
0.024501,1.854121,0.408535,-5.430790,1.349614,0.486196,-43.506523,11.865415,-65.186542,-0.090532,-0.606595,-0.035129,0.789058
-0.096408,3.120740,1.224008,-7.912068,0.857430,1.983106,-43.945983,12.011902,-60.938430,-0.093906,-0.555448,-0.042431,0.825141
0.456473,1.930821,0.534771,-7.061823,0.799949,1.978316,-42.188144,10.840009,-54.785992,-0.085905,-0.475721,-0.043729,0.874298
0.287626,3.025397,0.816005,-6.875008,-0.033531,6.204393,-41.455711,10.400549,-53.174640,-0.100221,-0.408039,-0.052007,0.905955
0.158727,2.337226,0.104930,-7.217501,0.283814,4.958964,-37.793545,8.496223,-48.340581,-0.113967,-0.334118,-0.050487,0.934253
0.422384,2.719129,-0.145411,-2.942326,-0.162864,6.199603,-35.449760,9.375143,-43.067063,-0.147328,-0.254372,-0.036898,0.955106
0.674855,2.190750,0.050601,-2.559117,-0.341295,7.393538,-32.080568,9.228656,-40.283818,-0.190327,-0.189637,-0.024872,0.962910
0.202936,1.238921,-0.170978,-2.113637,-0.495777,9.596990,-27.978943,7.470817,-37.354086,-0.232319,-0.133602,-0.017124,0.963268
-0.860214,0.602949,-0.068711,-0.274234,-0.480209,9.256892,-25.781643,8.789197,-35.449760,-0.282983,-0.103663,-0.000439,0.953506
-0.725456,1.128132,0.201871,-0.347283,0.574813,5.272716,-25.781643,10.547036,-34.570840,-0.321066,-0.107019,0.036613,0.940278
-0.297213,0.548087,0.300409,0.279024,0.835875,7.554007,-24.463264,12.744335,-33.252461,-0.345067,-0.091352,0.070248,0.931476
-0.341955,-0.179500,0.680182,-0.296987,1.055022,7.888117,-24.463264,11.865415,-33.252461,-0.360041,-0.090683,0.088886,0.924255
-0.616265,0.006392,0.763274,0.558048,1.530441,7.364797,-25.049210,11.572442,-32.959487,-0.370119,-0.102185,0.104925,0.917366
0.060188,1.616031,0.330770,0.140111,1.379552,7.138465,-24.170291,12.158389,-31.494621,-0.376416,-0.121380,0.118634,0.910771
-0.246612,0.340357,0.054862,1.890897,1.357997,8.539572,-20.068666,12.158389,-31.494621,-0.383693,-0.091438,0.145394,0.907348
-0.363793,-0.544891,0.325443,1.832218,1.966341,6.974403,-18.750286,12.011902,-30.762188,-0.388172,-0.102063,0.163584,0.901191
-0.189620,-0.915609,0.135823,0.535295,2.117230,7.417489,-21.972992,13.769741,-31.055161,-0.389452,-0.137452,0.163157,0.895999
-0.598155,-0.296148,-0.221046,-0.507752,1.801082,7.611488,-23.730831,14.648661,-32.227054,-0.406836,-0.171820,0.162337,0.882388
-0.450614,0.325443,-0.061254,0.364049,2.407031,6.877404,-23.730831,14.941634,-32.813001,-0.432829,-0.189451,0.192575,0.860048
-0.617863,1.314556,0.339292,0.550863,2.567500,8.320425,-21.826505,16.552987,-30.029755,-0.449920,-0.200454,0.215939,0.843066
-1.299110,-0.105995,0.251406,1.173577,2.896820,7.647414,-21.680018,17.578393,-31.348135,-0.442704,-0.192456,0.263730,0.835117
-1.415758,-0.524118,0.085755,0.543678,3.506362,6.071467,-21.533532,20.361639,-30.615702,-0.435585,-0.222238,0.307487,0.816289
-1.291653,-0.000533,0.109191,0.796356,4.572162,5.405642,-22.412451,22.412451,-32.080568,-0.432901,-0.253461,0.349234,0.791448
-0.975797,-0.068711,0.099071,1.268182,5.155358,4.945791,-22.119478,24.756237,-32.373541,-0.421929,-0.272003,0.386934,0.773481
-1.070074,0.334498,0.347814,1.396318,5.574493,5.294271,-21.533532,26.514076,-33.252461,-0.407716,-0.289633,0.413265,0.760981
-1.425878,0.363793,0.485768,0.650258,5.863097,4.788915,-22.412451,28.857862,-34.717327,-0.376957,-0.300182,0.450355,0.751648
-1.129198,0.352075,0.282299,1.099331,6.641491,3.330325,-22.412451,30.322728,-35.010300,-0.339403,-0.303632,0.501803,0.735396
-1.318817,0.172575,0.451679,1.099331,6.792379,4.087163,-22.412451,32.373541,-35.889220,-0.300214,-0.296486,0.539754,0.728446
-1.967573,-0.218915,0.671659,0.796356,6.860638,2.137588,-22.265965,33.398947,-38.086519,-0.253556,-0.290158,0.592314,0.707589
-1.844534,-0.496421,0.386697,0.227530,7.251032,1.478947,-23.730831,35.742733,-41.016251,-0.201687,-0.283668,0.647414,0.678020
-2.453874,-0.116116,0.260994,0.865813,7.473772,0.379616,-24.902724,37.793545,-44.531930,-0.165253,-0.266999,0.704370,0.636604
-2.555076,-0.560870,0.540630,1.277762,7.860574,-2.575883,-24.756237,40.283818,-48.487068,-0.118783,-0.240169,0.768695,0.580790
-1.926027,-1.321481,0.283897,0.138913,8.363536,-3.999744,-27.392996,41.748684,-55.225452,-0.076075,-0.214801,0.815081,0.532649
-1.391257,-0.424514,0.175771,0.098197,8.158759,-5.002075,-28.125429,43.360037,-59.180591,-0.071218,-0.190918,0.849507,0.486638
-1.091380,0.667398,0.379773,-0.099395,7.646217,-5.743344,-29.297322,41.602197,-61.231403,-0.056715,-0.151834,0.875307,0.455596
-1.030659,0.814940,0.321715,0.231123,7.411501,-5.060753,-29.150835,41.455711,-62.549783,-0.017316,-0.093411,0.894632,0.436587
-1.359831,0.027165,0.374979,-0.355666,6.921712,-5.748135,-30.029755,41.748684,-64.600595,0.029041,-0.025722,0.913849,0.404196
-1.678350,-0.444222,0.188555,-0.231123,6.138529,-6.507367,-29.590295,40.430304,-67.383841,0.049627,0.032038,0.930310,0.361985
-2.063981,-0.356869,0.385099,-0.219148,5.539765,-7.950389,-30.029755,38.818952,-70.167086,0.051688,0.084694,0.943791,0.315299
-2.014978,-0.255135,0.189087,-0.329320,4.860766,-9.466459,-30.176242,36.328679,-76.173037,0.048186,0.122206,0.955663,0.263539
-1.572354,0.083625,0.029828,-0.053889,4.719458,-11.325023,-30.322728,35.010300,-78.956283,0.040562,0.162089,0.961768,0.216989
-0.992842,0.095875,0.271114,-0.437098,4.269187,-11.147789,-29.590295,32.813001,-81.153582,0.039448,0.200485,0.962370,0.179147
-0.606677,-0.036220,0.140617,0.633492,4.331459,-10.933431,-32.520027,30.176242,-81.446555,0.038153,0.233467,0.959456,0.153240
-0.716401,-0.074570,0.348347,-0.399974,2.785450,-10.689135,-32.520027,30.762188,-82.911421,0.041168,0.271520,0.952918,0.128568
-1.028529,0.160325,0.365924,-0.122148,2.640549,-10.316704,-31.787594,29.150835,-84.229801,0.036000,0.303402,0.945370,0.113697
-1.094043,0.225307,0.217850,-0.657443,1.741206,-11.342986,-32.373541,28.857862,-84.815747,0.033817,0.330475,0.939423,0.084423
-1.111088,-0.139552,0.404274,0.300580,2.123217,-11.637577,-32.959487,27.685969,-86.280613,0.028482,0.356085,0.932113,0.059652
-0.788840,-0.903358,0.218915,-0.419135,0.753245,-12.734513,-31.934081,24.023804,-86.720073,0.019297,0.368485,0.929070,0.025980
-0.725456,-0.531575,0.122507,0.696961,0.437098,-11.551355,-31.787594,22.705425,-88.917372,-0.010477,0.394640,0.918549,0.020427
-1.584072,-0.192816,0.222644,0.494579,-0.526912,-10.568185,-31.055161,22.558938,-89.356832,-0.028171,0.427101,0.903719,0.009060
-1.519623,0.509737,0.015447,0.422727,-1.363984,-13.468598,-30.176242,18.457313,-91.114672,-0.049723,0.450154,0.891326,-0.020641
-1.188853,0.247678,0.674855,1.349614,-1.827428,-12.108206,-31.055161,15.234607,-90.821698,-0.057570,0.472953,0.877190,-0.059487
-1.445053,0.373381,0.733446,0.268246,-3.494387,-12.049527,-31.348135,13.183795,-90.821698,-0.061945,0.478646,0.870678,-0.094769
-1.276206,-0.098538,0.798961,-0.245493,-4.217694,-12.395613,-32.373541,9.228656,-89.503319,-0.070045,0.474883,0.867895,-0.127821
-0.855420,0.133160,0.592829,-0.405962,-4.297928,-12.297415,-31.641108,6.445411,-89.063859,-0.091368,0.472750,0.863745,-0.148675
-1.046638,-0.321715,0.503345,0.292197,-4.952976,-10.980135,-30.908675,5.127031,-89.796292,-0.105706,0.473300,0.858718,-0.165582
-1.280467,0.430906,0.341955,-0.295789,-5.593653,-11.800441,-29.883268,1.757839,-90.528725,-0.127541,0.476835,0.850919,-0.179716
-0.658876,0.525716,0.336096,0.348481,-6.222356,-11.835170,-30.615702,0.146487,-88.624399,-0.139362,0.473428,0.844155,-0.209397
-0.594959,0.877259,0.277506,-0.273036,-6.379232,-10.722666,-32.373541,-2.490272,-86.573587,-0.137225,0.469509,0.840612,-0.232600
-0.474050,-0.501747,0.382968,-0.494579,-6.793577,-10.671172,-33.252461,-2.490272,-85.694667,-0.126816,0.461658,0.839378,-0.257360
-0.566197,-0.697759,0.329704,0.440690,-7.312106,-10.081989,-32.080568,-2.783246,-86.280613,-0.146838,0.463633,0.834269,-0.259767
-1.035453,-0.219448,0.468724,0.690974,-7.533649,-9.138336,-31.201648,-4.541085,-86.866560,-0.167824,0.470287,0.826073,-0.261283
-1.126534,-0.033024,0.640766,0.259864,-8.097685,-10.339457,-28.271916,-6.298924,-85.401694,-0.183804,0.468158,0.819055,-0.276031
-0.670594,-0.196012,0.598688,1.250219,-8.345573,-10.128692,-29.004349,-7.910277,-84.669261,-0.202360,0.453936,0.815254,-0.297245
-0.737707,-0.070309,0.302007,0.198790,-8.538375,-8.330005,-28.711376,-9.375143,-83.204395,-0.215576,0.445346,0.810803,-0.312717
-1.061020,-0.336629,0.373381,1.694502,-9.436521,-8.432992,-29.150835,-11.279469,-82.471962,-0.229717,0.439142,0.806726,-0.321835
-1.090847,-0.815472,0.544891,1.313688,-9.383830,-8.043796,-26.514076,-11.865415,-82.178988,-0.245748,0.435779,0.796372,-0.339847
-0.962481,-0.582176,0.395219,2.128007,-10.237667,-8.022240,-24.609751,-13.183795,-80.274662,-0.276976,0.429257,0.784849,-0.350764
-0.604547,-0.174706,0.458071,1.670552,-9.840088,-6.956440,-23.437858,-13.476768,-78.223850,-0.299365,0.424659,0.772452,-0.365190
-0.894303,-0.348879,0.400546,2.175908,-10.147853,-6.240319,-23.437858,-15.820554,-77.344930,-0.313730,0.414994,0.767951,-0.373637
-1.166482,-0.428243,0.188555,2.415414,-10.916666,-5.618802,-22.119478,-15.967041,-75.733577,-0.331780,0.407979,0.758174,-0.385548
-1.468489,-0.174706,0.239156,1.781922,-10.886727,-5.290679,-20.947585,-17.138933,-74.268711,-0.350276,0.402269,0.743864,-0.402682
-1.074336,-0.798961,0.404274,3.414152,-10.998098,-5.651135,-20.215152,-18.164340,-72.071412,-0.370743,0.384804,0.729268,-0.427368
-0.772329,-0.655148,0.297213,2.658512,-10.623271,-3.574621,-20.654612,-18.603799,-71.046006,-0.396611,0.379364,0.705527,-0.448346
-0.752621,-0.434102,0.374446,2.411821,-11.081924,-3.033339,-20.068666,-19.189746,-69.288167,-0.418068,0.376720,0.688726,-0.457118
-0.946502,-0.607743,0.127301,2.575883,-11.370529,-1.814255,-18.603799,-18.896773,-67.823301,-0.439570,0.368909,0.675935,-0.462381
-1.222942,0.116648,-0.037285,2.520797,-11.571713,-1.318478,-18.017853,-19.775692,-66.065461,-0.461017,0.365599,0.659036,-0.468479
-1.335862,0.446353,0.268983,3.205783,-11.491479,-0.938862,-18.164340,-20.508125,-64.454108,-0.470987,0.351152,0.645599,-0.487919
-1.374212,0.156064,0.279636,2.581870,-10.747814,-0.696961,-18.457313,-20.215152,-61.231403,-0.476394,0.326815,0.634147,-0.513906
-1.132393,-0.228503,0.149672,2.956697,-10.850802,0.059876,-17.724880,-19.775692,-58.741131,-0.488519,0.300468,0.617484,-0.538313
-1.002962,-0.273244,0.069243,2.422599,-10.351432,0.798751,-18.310826,-20.361639,-56.397345,-0.500044,0.284129,0.596455,-0.559882
-0.817603,-0.142215,0.101202,2.686055,-10.448432,1.481342,-18.603799,-17.724880,-53.760586,-0.511778,0.269082,0.576699,-0.577145
-0.924664,0.388827,-0.256733,2.033403,-10.132285,2.763895,-17.578393,-18.750286,-52.735180,-0.519542,0.254896,0.560224,-0.592667
-1.088184,0.320649,-0.241286,2.957894,-9.971816,2.778265,-17.138933,-18.310826,-51.123827,-0.511290,0.230685,0.554764,-0.614495
-1.358233,0.232231,0.027697,2.554327,-9.753866,3.647670,-18.750286,-16.992447,-48.047608,-0.497478,0.208021,0.539130,-0.646980
-1.139850,0.001065,0.240753,2.630969,-9.182645,3.386609,-17.431907,-15.967041,-48.194095,-0.488191,0.177730,0.521331,-0.676975
-0.795232,-0.347814,0.193348,2.154353,-8.642560,4.053632,-18.164340,-14.941634,-44.531930,-0.478231,0.148301,0.498546,-0.707639
-0.781916,-0.289224,0.071374,2.313624,-8.171931,5.167333,-18.164340,-13.476768,-44.238956,-0.470125,0.127929,0.478703,-0.730384
-0.996037,-0.453810,0.031426,2.251353,-8.131215,5.830764,-16.992447,-14.062715,-41.895171,-0.452520,0.109350,0.463170,-0.754150
-1.244248,-0.574186,0.208795,2.084896,-7.391143,5.398456,-20.068666,-10.400549,-40.576791,-0.430946,0.091706,0.441249,-0.781777
-0.887379,-0.149139,0.184826,1.740008,-6.836688,5.800826,-19.043259,-9.375143,-40.137331,-0.418314,0.077760,0.405405,-0.809082
-0.922000,0.067113,0.058590,1.541219,-6.528923,6.798367,-20.361639,-8.349737,-39.697871,-0.394839,0.056993,0.381247,-0.833969
-1.259694,-0.081494,-0.083625,1.737613,-6.073862,7.704895,-19.336233,-7.031357,-38.379492,-0.363327,0.031982,0.361806,-0.857944
-1.802988,-0.234362,-0.064449,1.514873,-5.726579,8.053376,-20.361639,-6.298924,-37.061112,-0.322008,0.010847,0.334310,-0.885681
-2.043208,-0.526781,-0.059656,1.608280,-4.258410,7.355217,-20.654612,-1.904326,-35.303273,-0.282623,-0.007009,0.287617,-0.915069
-1.346515,-0.388295,0.184294,1.292133,-2.684858,5.985245,-22.119478,1.318379,-33.545434,-0.260152,-0.007113,0.227460,-0.938367
-0.515063,-0.201871,0.241286,0.724504,-1.987897,6.794774,-21.972992,2.636759,-33.398947,-0.272539,0.002646,0.183268,-0.944525
0.026099,-0.183761,0.259928,0.530505,-1.748391,7.051045,-23.291371,3.662165,-34.424353,-0.298876,0.010540,0.171436,-0.938708
0.320649,-0.108126,-0.100136,0.504159,-1.980711,7.395933,-23.437858,3.515679,-33.691920,-0.334745,0.022344,0.176612,-0.925340
0.797363,0.329172,0.133160,0.793961,-2.397451,7.131279,-24.170291,3.369192,-33.252461,-0.364580,0.037513,0.188306,-0.911161
1.023202,0.261526,0.060721,1.027479,-2.933944,7.737229,-22.412451,2.783246,-33.252461,-0.396950,0.049980,0.211085,-0.891839
1.023735,0.240753,0.201338,1.280157,-3.456066,7.801895,-21.387045,1.757839,-32.520027,-0.419615,0.067008,0.238135,-0.873341
0.913478,0.167782,0.347282,1.443021,-4.181768,7.776747,-22.558938,-1.171893,-35.156786,-0.438821,0.084963,0.263863,-0.854748
0.542228,0.126768,0.532640,1.161602,-4.612878,8.294079,-21.533532,-1.318379,-34.717327,-0.453889,0.101018,0.284447,-0.838374
0.230633,-0.001065,0.338759,1.094541,-4.610483,7.573167,-20.654612,-3.076219,-36.182193,-0.472491,0.109485,0.302226,-0.820625
0.437830,0.070309,0.023436,0.845455,-4.632038,6.692984,-20.068666,-2.783246,-35.303273,-0.483887,0.115833,0.311419,-0.809601
0.796297,-0.085222,-0.259928,1.169985,-4.923038,6.472639,-21.240558,-3.369192,-36.182193,-0.488668,0.122744,0.323414,-0.800962
0.957687,-0.028230,0.080961,1.702885,-5.453543,7.106131,-19.775692,-5.127031,-37.061112,-0.488588,0.143219,0.335041,-0.792791
0.959818,0.027165,0.263124,1.181960,-6.054702,6.506170,-21.972992,-5.566491,-37.500572,-0.486411,0.164869,0.352001,-0.782507
0.982721,0.174173,0.156596,1.469367,-6.672626,6.829502,-21.387045,-6.445411,-37.793545,-0.492797,0.181273,0.369310,-0.766747
0.690835,0.191218,0.147009,1.375960,-6.989971,6.678614,-20.508125,-8.496223,-38.672465,-0.492432,0.197437,0.388979,-0.753143
0.621591,0.109191,0.189620,1.556786,-7.095354,6.162479,-20.801099,-9.961089,-40.137331,-0.489255,0.207573,0.405720,-0.743595
0.420786,-0.103865,0.358467,1.634626,-7.417489,6.079850,-19.922179,-8.203250,-41.309224,-0.485897,0.218664,0.418689,-0.735385
0.614134,-0.235960,0.396817,1.300515,-7.520476,5.154161,-19.629206,-9.375143,-41.016251,-0.487509,0.229698,0.426210,-0.726580
0.836778,-0.003196,0.264722,1.100528,-7.859377,5.348160,-21.240558,-9.814603,-41.748684,-0.492891,0.242070,0.433145,-0.714735
0.704151,0.031958,0.064449,1.426256,-8.161154,5.300259,-19.189746,-11.572442,-42.334630,-0.495230,0.254625,0.448664,-0.699009
0.740903,0.272712,0.255667,1.656181,-8.399462,4.705088,-20.654612,-12.158389,-43.506523,-0.489386,0.267699,0.461290,-0.689964
0.573121,0.263657,0.011718,1.420268,-8.859312,4.858371,-19.775692,-12.158389,-44.385443,-0.484104,0.276442,0.475474,-0.680550
0.721728,0.216252,0.100669,1.440626,-9.046127,3.621325,-19.482719,-13.623255,-44.385443,-0.473979,0.283159,0.489114,-0.675228
0.962481,0.061786,0.104398,1.765156,-9.314373,3.978188,-20.508125,-12.890822,-45.117876,-0.464835,0.288573,0.500164,-0.671185
0.760610,-0.225307,0.267385,1.557984,-9.543101,3.739880,-20.654612,-14.209201,-46.436255,-0.453975,0.302869,0.514930,-0.661078
0.659941,-0.148607,0.240221,1.574749,-9.829310,3.385412,-21.680018,-16.113527,-47.754635,-0.451243,0.316975,0.525848,-0.647604
0.548620,-0.074037,0.188022,1.469367,-9.879606,2.957894,-21.240558,-16.845960,-49.951934,-0.449017,0.330284,0.534498,-0.635302
0.572056,-0.005326,0.227970,1.329256,-9.947865,2.355538,-21.240558,-14.795148,-50.537881,-0.445242,0.340540,0.541917,-0.626193
0.810146,0.235960,0.266320,1.443021,-10.236470,1.917242,-21.826505,-16.845960,-50.830854,-0.442347,0.348107,0.549596,-0.617329
0.761676,0.054862,0.076168,1.425058,-10.526271,1.869341,-20.947585,-17.431907,-52.002747,-0.435223,0.354042,0.562516,-0.607298
0.977395,0.031426,-0.135291,1.289738,-10.473580,0.883776,-20.947585,-15.967041,-53.760586,-0.426155,0.363843,0.573234,-0.597840
0.999233,-0.135823,0.086288,1.505293,-10.910678,1.332849,-21.240558,-18.603799,-55.518425,-0.412405,0.376913,0.582447,-0.590435
0.745696,-0.042079,0.250874,1.444219,-11.062764,0.484999,-22.558938,-17.871366,-57.129778,-0.400624,0.392413,0.595263,-0.575478
0.568860,-0.013316,0.220513,1.293330,-11.098690,0.379616,-22.412451,-19.482719,-58.155184,-0.393721,0.401797,0.604675,-0.563836
0.473517,0.002663,0.268983,1.158010,-11.098690,-0.520925,-22.851911,-19.043259,-58.887617,-0.387576,0.409176,0.613319,-0.553354
0.747294,0.021838,0.067113,1.118491,-11.075937,-0.991553,-22.851911,-17.871366,-60.059510,-0.385329,0.413226,0.619005,-0.545526
0.822397,-0.013849,0.030893,1.215491,-11.305862,-0.880183,-22.265965,-17.871366,-61.231403,-0.377661,0.421646,0.625765,-0.536661
0.768600,0.051666,0.043144,1.189145,-11.080727,-1.603490,-23.730831,-19.043259,-62.696269,-0.366591,0.432412,0.634717,-0.525134
0.814940,0.023436,0.257798,1.255009,-11.268739,-1.950773,-23.437858,-17.578393,-63.868162,-0.356085,0.442401,0.641096,-0.516218
0.904423,0.085222,0.245547,0.926887,-11.319035,-2.630969,-23.584344,-18.603799,-65.479515,-0.347013,0.449344,0.650653,-0.504304
0.892705,0.099071,0.034622,1.156812,-11.114258,-2.808203,-24.023804,-17.871366,-67.090867,-0.338101,0.454241,0.662181,-0.490785
0.752621,0.117714,0.227437,1.043047,-11.411245,-3.263264,-24.023804,-18.750286,-69.434653,-0.323794,0.463225,0.671082,-0.479821
0.724391,0.176837,0.253004,1.099331,-11.077134,-3.953040,-24.902724,-18.164340,-70.020600,-0.312509,0.466204,0.682000,-0.468900
0.842637,0.025567,0.239688,1.058615,-11.056776,-4.241644,-25.342184,-17.138933,-71.338979,-0.301076,0.467319,0.691757,-0.460910
0.851159,-0.095343,0.259396,0.971195,-10.898703,-4.906272,-24.756237,-17.138933,-72.510872,-0.290614,0.470706,0.702229,-0.448166
1.008288,-0.079363,0.018642,0.913714,-10.780147,-5.596049,-25.488670,-15.820554,-73.829252,-0.283376,0.473558,0.712111,-0.433980
1.083390,-0.064982,0.003196,0.987961,-10.739431,-5.839147,-25.342184,-15.967041,-74.268711,-0.272754,0.481432,0.719782,-0.419216
1.020006,0.133160,0.065515,0.940060,-10.358618,-6.346899,-26.807050,-14.209201,-76.319524,-0.259750,0.491154,0.727896,-0.401827
0.984852,0.180032,0.229568,0.952035,-10.305926,-6.669034,-28.125429,-14.941634,-78.223850,-0.244401,0.497737,0.736327,-0.387748
0.699889,0.205599,0.222644,0.926887,-9.951458,-6.882194,-27.246509,-13.183795,-79.395743,-0.229538,0.502153,0.746053,-0.372235
0.349412,-0.080961,0.242351,0.832282,-9.878409,-7.160020,-26.514076,-11.572442,-80.421149,-0.215297,0.502092,0.754991,-0.362685
0.220513,-0.217317,0.197077,0.960417,-9.720335,-7.918055,-27.539483,-12.597848,-80.860609,-0.210253,0.500196,0.761130,-0.355357
0.461799,0.107061,0.194946,0.700554,-9.470052,-8.244981,-26.953536,-12.011902,-79.395743,-0.210792,0.501138,0.762174,-0.351450
0.724391,0.098538,0.002663,0.816714,-9.392212,-8.124030,-26.514076,-13.037308,-81.007095,-0.204340,0.498603,0.767369,-0.347543
0.530510,-0.101734,0.254602,0.906529,-9.149114,-8.192289,-28.271916,-10.400549,-82.471962,-0.190904,0.499967,0.773636,-0.339230
0.437298,-0.161923,0.219448,0.779591,-9.016189,-8.527597,-28.125429,-10.254063,-82.618448,-0.185153,0.498423,0.779949,-0.330111
0.452744,-0.092147,0.092147,0.620320,-8.836559,-8.812609,-27.392996,-10.693523,-82.764935,-0.183131,0.497572,0.784644,-0.321277
0.515596,0.070309,-0.084690,0.684986,-8.798238,-9.128756,-27.832456,-9.082170,-84.083314,-0.180328,0.498116,0.788293,-0.312980
0.688171,0.136356,0.089484,1.405898,-8.494066,-9.414965,-28.711376,-8.789197,-85.548180,-0.171427,0.500115,0.791284,-0.307191
0.599753,-0.061254,0.354738,1.096936,-8.229413,-9.313176,-28.418402,-7.910277,-85.841154,-0.155283,0.498551,0.797073,-0.303329
0.579513,-0.140617,0.330770,0.404764,-7.925241,-9.837693,-27.685969,-6.884871,-85.694667,-0.146489,0.490618,0.806595,-0.295365
0.801624,-0.046872,0.007457,0.706542,-7.683340,-10.343050,-27.832456,-5.273518,-87.013046,-0.144698,0.480840,0.816696,-0.284364
1.087652,-0.075102,0.212523,1.167590,-7.455810,-10.783740,-28.564889,-3.955138,-88.331426,-0.135235,0.476131,0.824772,-0.273424
1.225605,-0.029295,0.137421,0.713727,-6.904947,-10.317902,-27.685969,-3.369192,-88.331426,-0.122494,0.468611,0.836350,-0.256745
0.673257,-0.019708,0.260461,0.850245,-6.424738,-9.725125,-27.685969,-2.197299,-90.089265,-0.109130,0.462425,0.848637,-0.232528
0.172043,-0.196012,0.049536,0.975985,-5.984048,-11.193295,-28.125429,-0.292973,-89.649805,-0.100397,0.451615,0.859656,-0.216696
0.617330,-0.213589,0.046872,1.396318,-5.907406,-12.351304,-26.514076,1.025406,-88.331426,-0.100839,0.442678,0.864374,-0.216157
1.287392,0.063917,0.199207,1.049035,-5.579283,-11.926182,-28.857862,0.439460,-90.675212,-0.096100,0.431028,0.872265,-0.210080
1.275674,0.347814,0.194414,0.888566,-4.838013,-10.878345,-27.392996,3.662165,-90.968185,-0.082644,0.420571,0.883850,-0.187346
0.675388,0.110789,0.068711,0.795159,-4.238052,-11.587281,-28.857862,5.712978,-90.675212,-0.061771,0.402659,0.898316,-0.164555
0.825593,-0.233829,0.036220,1.293330,-3.950645,-12.442316,-28.711376,6.445411,-91.700618,-0.051709,0.385861,0.908044,-0.154577
0.792569,-0.070309,0.196012,0.904134,-3.596177,-11.562133,-28.125429,8.203250,-92.286564,-0.046291,0.370906,0.916894,-0.139966
0.493225,-0.073504,0.159259,0.934072,-3.065672,-11.807626,-28.711376,9.082170,-92.286564,-0.040175,0.348683,0.928262,-0.123029
0.744631,-0.168847,0.079896,0.719714,-2.675278,-12.914142,-29.297322,9.961089,-91.700618,-0.037202,0.325007,0.937990,-0.114723
0.934251,-0.213056,0.100669,1.346022,-2.171118,-12.220774,-29.297322,11.132982,-91.114672,-0.037958,0.304748,0.946364,-0.100410
0.872465,-0.217850,0.243949,1.347219,-2.048970,-11.996836,-28.271916,13.623255,-92.726024,-0.036353,0.285871,0.954068,-0.081916
0.987515,0.167249,0.119844,0.501764,-1.305306,-12.493810,-26.660563,16.406500,-91.700618,-0.036544,0.260764,0.962798,-0.060719
1.074336,0.160325,-0.099071,1.894489,-0.807134,-12.292625,-28.564889,17.138933,-91.261158,-0.033807,0.233283,0.971050,-0.038713
1.179798,0.190153,0.221046,1.227466,-0.203580,-12.529736,-29.004349,18.750286,-91.114672,-0.023152,0.216730,0.975814,-0.016673
1.004027,0.011185,0.290289,1.302911,0.627505,-11.250776,-27.539483,20.801099,-89.942779,-0.015446,0.196441,0.980337,0.010567
0.607743,0.127301,0.182163,0.621517,1.010714,-11.498664,-29.736782,22.998398,-90.089265,-0.011989,0.172268,0.984458,0.031965
0.545956,-0.007990,0.078298,0.479011,1.427453,-12.320168,-29.297322,24.902724,-88.477913,-0.012133,0.149490,0.987690,0.044420
0.833050,-0.135291,-0.116116,1.586725,1.563972,-12.031564,-28.711376,24.902724,-88.770886,-0.017981,0.124919,0.990438,0.055718
0.866073,-0.270581,0.149672,1.296923,2.117230,-11.469924,-28.418402,26.074617,-87.598993,-0.020494,0.111233,0.990697,0.075674
0.663137,0.093212,-0.028763,0.462246,2.877660,-10.466395,-27.539483,26.367590,-87.598993,-0.027950,0.094816,0.990431,0.096306
0.353141,0.028230,-0.018110,1.938798,2.561512,-11.259159,-27.685969,28.564889,-85.694667,-0.033560,0.085869,0.990161,0.105266
0.482572,0.002663,0.076168,1.034664,2.907598,-11.744157,-27.685969,29.443809,-86.866560,-0.033529,0.068453,0.990802,0.111807
0.453810,-0.092147,0.069776,1.807070,2.901610,-10.388556,-26.660563,29.883268,-85.255207,-0.039804,0.050249,0.990405,0.122429
0.245015,-0.027697,0.202403,1.168787,3.124351,-11.291492,-26.514076,30.029755,-85.401694,-0.043694,0.029330,0.989949,0.131267
0.164586,-0.115583,0.243417,1.737613,3.209375,-10.347840,-27.539483,31.055161,-84.962234,-0.051265,0.004146,0.989297,0.136552
0.037285,-0.213056,0.481507,1.762761,3.365054,-11.465133,-25.195697,30.762188,-85.548180,-0.058258,-0.030120,0.988363,0.137251
0.609873,0.017577,0.174706,1.197528,3.871608,-11.647158,-26.514076,30.908675,-85.401694,-0.069200,-0.077564,0.985226,0.136106
0.859682,-0.133693,0.482572,2.310032,3.597374,-10.857987,-27.539483,30.762188,-85.548180,-0.081720,-0.115413,0.979115,0.146067
0.998701,0.099071,0.280169,0.552060,4.719458,-10.586148,-27.685969,32.080568,-84.229801,-0.090602,-0.156746,0.968730,0.169658
1.004560,0.511335,0.014914,0.731690,4.366187,-9.807755,-26.221103,33.252461,-81.886015,-0.107557,-0.189818,0.957873,0.186764
0.861812,0.484703,0.050601,0.899344,5.093087,-9.036547,-27.978943,35.010300,-81.593042,-0.115794,-0.211309,0.947312,0.211045
0.812277,0.236492,0.092679,1.579539,5.276309,-9.625730,-28.125429,36.914626,-78.223850,-0.122591,-0.234289,0.937151,0.227658
1.123871,0.053264,0.198675,1.136454,5.687061,-9.595792,-26.953536,36.914626,-77.637903,-0.132118,-0.262809,0.922754,0.249002
1.497252,0.132095,0.454342,0.912516,6.182837,-9.012596,-27.978943,39.111925,-75.147631,-0.148032,-0.283169,0.905760,0.278391
1.603247,0.673790,0.321182,0.083827,6.472639,-7.416291,-27.685969,39.111925,-72.803845,-0.162773,-0.300774,0.883830,0.319194
1.108425,0.834115,0.260461,0.433505,7.333662,-5.497851,-28.271916,40.869764,-69.874113,-0.165864,-0.295142,0.868034,0.363176
0.386164,0.156596,0.080429,-0.100592,7.492933,-5.053568,-28.711376,40.137331,-68.555734,-0.154592,-0.286522,0.862402,0.387646
-0.065515,-0.118779,-0.084157,0.408357,7.480958,-5.981653,-28.125429,41.309224,-66.797894,-0.158861,-0.283822,0.863870,0.384626
0.010653,-0.460201,0.087886,0.796356,7.156428,-6.994761,-27.685969,42.041657,-66.944381,-0.169222,-0.290494,0.863746,0.375393
0.451679,-0.095343,0.036220,0.589184,7.413896,-6.957638,-27.832456,41.895171,-66.797894,-0.187192,-0.307596,0.854419,0.374583
0.627983,0.020773,0.253004,0.607147,7.652204,-6.158887,-26.953536,41.016251,-66.211948,-0.203343,-0.316325,0.843073,0.384472
0.687106,0.098538,0.001598,0.435900,7.621068,-5.528987,-26.807050,41.748684,-65.479515,-0.214105,-0.323758,0.831345,0.397751
0.512400,0.133693,0.247145,0.629900,7.828241,-5.385284,-26.953536,41.602197,-64.454108,-0.227130,-0.323498,0.822441,0.409086
0.805885,0.045274,0.221578,0.713727,7.971944,-5.306247,-26.221103,42.041657,-62.549783,-0.234378,-0.328221,0.812813,0.420326
0.604547,0.048470,0.151270,0.643073,8.035413,-4.250027,-25.781643,41.602197,-61.231403,-0.244003,-0.329454,0.799045,0.439829
0.470854,0.111854,0.390958,0.532900,8.217437,-4.634434,-27.100023,42.920577,-60.205997,-0.251202,-0.329099,0.791152,0.450188
0.650354,0.283897,0.391491,0.188012,8.189894,-3.894361,-25.781643,42.481117,-59.473564,-0.255710,-0.333567,0.779929,0.463741
0.340890,0.184826,0.266853,0.313752,8.140796,-2.906401,-26.953536,41.895171,-57.715724,-0.255892,-0.329088,0.771830,0.480102
0.002663,-0.386164,0.015979,0.192802,8.163549,-3.616535,-26.514076,42.041657,-57.276265,-0.255596,-0.328692,0.770179,0.483173
0.295615,-0.081494,0.078831,0.548468,8.308450,-3.980583,-26.953536,42.774090,-58.887617,-0.271637,-0.333933,0.766830,0.476103
0.262592,-0.102267,0.043677,0.587986,8.183907,-3.405770,-26.367590,42.188144,-56.836805,-0.282233,-0.335116,0.758564,0.482309
-0.050601,0.206132,-0.051133,-0.028741,7.907278,-3.295597,-25.635157,41.748684,-55.518425,-0.294026,-0.337905,0.751532,0.484323
-0.128366,0.039415,0.124105,1.728033,8.668905,-2.951907,-24.756237,42.920577,-56.104372,-0.306268,-0.335893,0.752263,0.476945
0.503345,-1.260760,0.156596,0.867010,8.502449,-6.046319,-26.074617,43.945983,-57.715724,-0.305948,-0.349045,0.748616,0.473432
1.197908,0.609341,0.280701,0.710134,8.453350,-3.693176,-26.514076,43.213550,-57.862211,-0.349833,-0.368870,0.713274,0.482486
1.249574,1.092445,0.310529,0.138913,7.987512,-2.017835,-25.635157,42.627604,-54.346532,-0.359188,-0.357772,0.691008,0.515259
0.996570,0.151802,0.022904,0.753245,7.915660,-0.829887,-25.342184,41.162737,-51.416800,-0.356687,-0.333283,0.679822,0.547301
0.408535,-0.304670,-0.104930,0.755640,8.365931,-0.458653,-24.463264,40.576791,-48.194095,-0.364187,-0.322392,0.667883,0.563350
0.536901,-0.191218,0.127834,0.756838,8.352758,-1.453799,-24.023804,41.309224,-49.805447,-0.379315,-0.322257,0.661334,0.561167
0.565131,-0.170978,0.005859,0.792764,8.322820,-0.396382,-23.877317,39.697871,-49.073014,-0.392337,-0.318868,0.644765,0.573300
0.497486,0.050068,0.053797,0.441888,8.146783,-0.710134,-25.488670,40.430304,-48.340581,-0.405148,-0.314050,0.633365,0.579721
0.586970,0.022904,0.081494,1.084960,8.152771,-0.081432,-23.877317,39.404898,-46.729229,-0.419594,-0.304994,0.621539,0.587034
0.653550,-0.075635,0.054862,0.801146,8.156363,-0.100592,-24.023804,39.844358,-47.168688,-0.428746,-0.299108,0.607306,0.598240
0.736642,-0.079363,0.038350,1.046640,8.119240,0.732887,-23.730831,38.965438,-45.410849,-0.442387,-0.289712,0.590171,0.609967
0.668996,-0.062852,0.002663,0.813122,7.794710,1.005924,-23.144884,38.965438,-43.945983,-0.454519,-0.281512,0.573393,0.620793
0.598155,-0.086820,0.271647,0.977183,7.788722,1.498108,-23.144884,37.207599,-43.653010,-0.468150,-0.270794,0.558879,0.628618
0.601884,0.199207,0.029828,0.910121,7.818661,1.538824,-22.705425,37.061112,-43.213550,-0.475685,-0.265823,0.543280,0.638677
0.629048,0.105463,0.054329,1.026282,7.489340,1.833415,-22.119478,37.061112,-41.455711,-0.483330,-0.250258,0.531580,0.648988
0.603482,-0.105463,0.063384,1.197528,7.348032,2.488463,-21.826505,35.596246,-40.576791,-0.490615,-0.236174,0.517757,0.659884
0.430906,-0.021306,0.001598,1.136454,7.241452,2.396254,-21.826505,35.303273,-39.111925,-0.498122,-0.227522,0.503377,0.668371
0.624787,-0.021838,0.021306,1.213096,7.150440,2.836944,-22.705425,35.596246,-39.697871,-0.506579,-0.217416,0.490596,0.674850
0.614667,0.007990,0.005859,1.210701,6.981588,2.807006,-22.412451,34.424353,-38.818952,-0.515211,-0.205793,0.475198,0.682931
0.670062,0.082559,0.216252,1.294528,6.692984,3.341103,-22.558938,33.105974,-37.793545,-0.524294,-0.192213,0.457768,0.691822
0.565664,-0.006392,0.215187,1.074183,6.691787,3.687189,-21.972992,32.813001,-38.086519,-0.527787,-0.180172,0.440511,0.703512
0.617330,0.096408,0.013316,1.246627,6.427133,3.949447,-20.801099,31.348135,-36.914626,-0.530616,-0.167301,0.425616,0.713658
0.670594,-0.030360,0.045274,1.253812,6.223553,3.750658,-20.361639,30.029755,-35.889220,-0.533371,-0.150131,0.411654,0.723545
0.754219,-0.042079,0.054329,1.274170,5.951714,4.990099,-22.412451,29.443809,-35.303273,-0.536789,-0.133428,0.390502,0.735909
0.602949,-0.030360,0.265788,1.260997,5.740949,4.750594,-21.972992,27.539483,-34.277867,-0.540780,-0.118413,0.374799,0.743681
0.721728,0.072439,0.022371,1.259799,5.390074,5.067939,-21.972992,27.539483,-34.570840,-0.540492,-0.105887,0.357254,0.754338
0.547022,0.222111,0.006392,1.501700,5.105062,5.507431,-20.361639,27.685969,-33.252461,-0.542013,-0.087186,0.341189,0.763027
0.516128,0.159259,0.227437,1.511280,4.992494,5.132605,-20.801099,26.660563,-34.570840,-0.537456,-0.067893,0.331595,0.772383
0.527847,0.015447,0.010653,1.640613,4.726643,5.464320,-21.094072,25.781643,-33.398947,-0.527126,-0.050075,0.316127,0.787207
0.784579,-0.085222,0.010120,1.458589,4.442829,5.604431,-20.361639,25.049210,-33.838407,-0.520942,-0.034808,0.298711,0.798861
0.774459,-0.091614,0.271114,1.633428,4.130274,6.261874,-19.189746,24.170291,-31.787594,-0.512053,-0.016075,0.274853,0.813633
0.868736,-0.028230,0.007990,1.532836,3.844065,5.950517,-19.775692,22.412451,-32.666514,-0.493126,-0.001030,0.251505,0.832809
0.969405,-0.073504,0.037285,1.596305,3.179437,7.045057,-19.189746,20.361639,-32.959487,-0.477984,0.017764,0.221828,0.849710
0.766469,0.054329,0.021838,1.507688,2.701623,6.936082,-19.922179,20.215152,-32.520027,-0.457119,0.035121,0.195788,0.866877
