0.005859,-0.329704,-2.265319,6.325343,1.568762,4.949383,15.527581,2.636759,-41.016251,-0.398658,-0.057089,0.912649,-0.069883
0.361663,-0.103865,-1.880220,6.231936,0.334110,5.222420,14.648661,-0.878920,-40.430304,-0.396758,0.010050,0.911312,-0.109508
0.085222,-0.116648,-1.556375,8.003080,-0.947245,6.405577,14.648661,-4.101625,-41.016251,-0.388153,0.067847,0.909374,-0.133315
0.139552,0.324378,-0.349945,8.224623,-1.228664,5.424802,11.718929,-5.566491,-41.016251,-0.379365,0.111224,0.904848,-0.157991
0.050601,0.248743,0.132095,7.737229,-0.669418,6.185232,12.158389,-8.349737,-41.748684,-0.365700,0.123233,0.906928,-0.168996
-0.101734,0.461799,-0.381370,7.222292,-0.603554,6.295405,12.451362,-6.884871,-41.748684,-0.354933,0.124318,0.909917,-0.174983
-0.225307,0.010120,-0.130497,8.347968,-0.506554,6.293010,13.183795,-7.031357,-41.602197,-0.334539,0.136866,0.912014,-0.193861
-0.067113,-0.579513,0.356869,7.018712,-0.643073,5.985245,11.132982,-7.031357,-42.188144,-0.325151,0.146958,0.909399,-0.213713
-0.030893,-0.424514,0.132627,6.703762,-0.825097,5.944529,11.865415,-6.884871,-41.748684,-0.335637,0.148168,0.903025,-0.223473
0.052199,-0.198675,-0.258863,6.637898,-1.361589,5.787653,10.547036,-7.324331,-41.016251,-0.340324,0.153705,0.897089,-0.236189
0.157129,-0.350477,-0.568327,6.545688,-1.457392,6.174455,9.521630,-7.470817,-39.697871,-0.337257,0.165803,0.891881,-0.251625
-0.056993,-0.209328,-0.918805,6.052307,-1.895687,5.952912,9.521630,-9.814603,-39.990845,-0.335324,0.188353,0.883550,-0.267247
-0.100136,-0.045807,-0.546489,5.447555,-1.150824,6.524133,8.056764,-10.107576,-40.283818,-0.326857,0.214693,0.873241,-0.290724
-0.377109,-0.149139,-0.284963,6.406775,-1.187948,6.448688,6.591897,-10.986496,-39.111925,-0.317941,0.233962,0.863322,-0.314403
-0.209860,-0.168314,-0.609873,4.743409,-0.723307,6.919317,6.152438,-9.961089,-38.965438,-0.316206,0.248084,0.849196,-0.342542
0.236492,0.188555,-1.538798,5.841542,-1.793897,5.895431,4.394598,-11.718929,-39.258412,-0.310041,0.271693,0.831363,-0.372683
1.121741,-0.414927,-1.375810,5.876270,-2.895623,6.205590,3.222705,-12.011902,-39.551385,-0.280605,0.316025,0.812061,-0.402426
0.895901,0.372848,-1.752387,5.446358,-5.209247,7.154033,-0.439460,-15.967041,-41.162737,-0.255308,0.367320,0.798157,-0.403533
-0.108659,-0.223709,-1.212822,6.663046,-6.315763,6.730108,-2.636759,-17.285420,-42.188144,-0.207605,0.406470,0.788461,-0.412323
-0.793634,-1.344917,-0.524651,5.946924,-5.766098,6.005603,-5.859464,-18.164340,-41.309224,-0.188566,0.438640,0.765232,-0.431808
-0.678051,-1.424280,-0.665800,5.590061,-4.093151,6.895366,-7.763790,-16.552987,-40.869764,-0.213139,0.467594,0.732896,-0.445860
-0.386697,-0.326509,-1.559571,3.193807,-3.351881,6.622330,-10.840009,-14.648661,-38.379492,-0.240303,0.503669,0.692591,-0.457044
0.465528,-0.389893,-1.499383,4.725446,-4.262002,6.900157,-13.330282,-15.381094,-39.111925,-0.233445,0.534660,0.654667,-0.480680
0.118779,-1.143579,-0.459136,1.953168,-4.081176,7.528859,-16.113527,-14.355688,-39.258412,-0.215153,0.577556,0.618938,-0.486883
0.255667,-0.421319,-0.803754,1.136454,-4.240447,7.074996,-20.361639,-13.916228,-40.283818,-0.231544,0.596732,0.604630,-0.474047
0.361663,0.074037,-0.425580,2.544747,-5.008062,7.811475,-19.189746,-13.916228,-40.576791,-0.232250,0.609780,0.595740,-0.468318
0.206664,0.171510,-0.243417,0.604752,-5.384086,7.514488,-21.680018,-14.062715,-41.309224,-0.227262,0.617106,0.589106,-0.469559
-0.389360,0.589633,-0.663670,1.810662,-4.521866,7.179181,-22.119478,-15.381094,-40.576791,-0.226178,0.612360,0.593991,-0.470142
-0.207197,0.325976,-0.373381,3.032141,-3.951843,5.803221,-21.826505,-13.916228,-39.111925,-0.222166,0.609135,0.581066,-0.491893
0.178435,0.239688,0.225840,2.692043,-4.946988,5.689456,-22.265965,-13.769741,-38.672465,-0.225419,0.612403,0.561664,-0.508608
0.405872,0.564599,0.111854,0.039518,-6.229541,9.986186,-22.558938,-12.890822,-39.844358,-0.232908,0.608454,0.558105,-0.513864
-0.314258,0.366457,-0.237025,1.888502,-4.908667,6.496590,-22.705425,-13.916228,-40.283818,-0.228673,0.587744,0.577885,-0.517992
-0.130497,0.063917,-0.508672,1.301713,-4.650001,6.281035,-20.654612,-12.451362,-38.233005,-0.235042,0.578104,0.567841,-0.536757
0.440494,-0.483637,-0.891107,1.639416,-4.939803,6.303788,-22.558938,-12.890822,-38.672465,-0.239130,0.575043,0.555263,-0.551204
0.355271,0.232231,-0.578447,1.513675,-5.320617,7.819858,-22.851911,-11.132982,-39.258412,-0.237340,0.592453,0.538546,-0.550125
0.412796,0.089484,-1.167015,0.032333,-5.313432,5.835554,-24.463264,-10.986496,-39.111925,-0.231580,0.589977,0.533198,-0.560355
0.756882,-0.134225,-1.425346,1.322071,-5.948122,6.703762,-26.367590,-9.961089,-39.844358,-0.217135,0.597115,0.520830,-0.570124
0.707346,-0.463397,-1.410432,1.014306,-6.482219,6.601972,-28.271916,-9.814603,-40.283818,-0.195951,0.617075,0.501533,-0.573835
0.650354,-0.351543,-1.158493,-0.021556,-6.860638,6.554071,-33.252461,-8.935683,-42.334630,-0.178998,0.643071,0.477867,-0.571019
0.454875,-0.174706,-1.003494,-0.552060,-6.926502,6.601972,-35.010300,-7.763790,-42.041657,-0.166061,0.662960,0.460639,-0.566321
0.426112,-0.038350,-1.026398,-1.474157,-6.859441,5.985245,-35.449760,-6.738384,-44.238956,-0.157072,0.677095,0.444691,-0.564908
0.469256,-0.056993,-1.281533,-2.469303,-7.097749,6.145714,-36.621653,-5.273518,-42.481117,-0.145645,0.688177,0.428416,-0.567151
0.343020,-0.249276,-1.717232,-3.338708,-7.240255,6.270257,-39.258412,-2.636759,-44.824903,-0.129434,0.702445,0.409412,-0.567627
0.314790,-0.140084,-2.043741,-3.109980,-6.863033,5.879863,-39.111925,-0.732433,-44.678416,-0.111060,0.723314,0.378707,-0.566625
0.198142,-0.027697,-1.578213,-2.214229,-6.228343,5.478691,-41.602197,4.101625,-46.289769,-0.085634,0.745481,0.336447,-0.568971
0.447951,0.046340,-1.114816,-3.499177,-5.684666,4.743409,-41.016251,6.152438,-45.996796,-0.070622,0.759926,0.296885,-0.573920
0.496421,0.050601,-1.204832,-3.945855,-5.987640,5.845134,-40.576791,8.935683,-46.729229,-0.056636,0.767937,0.272144,-0.577064
0.548620,-0.044742,-1.349711,-4.709878,-5.823579,5.295469,-41.309224,11.132982,-46.875715,-0.039974,0.774763,0.247157,-0.580567
0.255135,-0.071906,-1.293251,-5.199667,-5.841542,6.033146,-42.041657,12.744335,-46.436255,-0.019991,0.783419,0.218007,-0.581660
0.285495,-0.115050,-1.785410,-6.283430,-5.260741,5.261938,-41.016251,15.820554,-46.582742,-0.006963,0.791231,0.184996,-0.582822
0.197610,-0.364859,-2.175303,-5.479888,-4.564977,5.136198,-39.990845,18.603799,-46.729229,0.014626,0.800107,0.139715,-0.583176
0.365924,-0.333433,-2.452276,-5.884653,-3.242906,4.347027,-38.965438,21.972992,-45.996796,0.040579,0.811529,0.080683,-0.577291
0.430373,-0.314258,-2.160922,-6.419948,-3.016573,4.708680,-38.233005,25.049210,-46.436255,0.075856,0.818849,0.016777,-0.568727
0.506008,-0.118246,-1.910581,-5.687061,-1.967539,4.448817,-35.449760,29.004349,-46.875715,0.109469,0.820911,-0.042762,-0.558832
0.376044,-0.189087,-1.692731,-6.378034,-1.563972,5.303852,-34.131380,30.029755,-45.264363,0.141078,0.815390,-0.095312,-0.553311
0.142215,-0.276440,-2.007521,-6.237924,-0.670616,5.113445,-30.762188,33.105974,-45.410849,0.167954,0.809061,-0.144924,-0.544251
-0.079896,-0.068711,-1.886079,-6.296602,0.564036,5.303852,-26.660563,35.156786,-46.582742,0.194583,0.799794,-0.204576,-0.529731
-0.467126,0.121975,-1.932952,-6.200800,1.225071,4.844001,-24.316777,37.207599,-45.703822,0.213230,0.785248,-0.263332,-0.518243
-0.386697,-0.100136,-2.250938,-6.113381,2.682463,3.390202,-22.558938,39.258412,-47.168688,0.220878,0.764869,-0.332464,-0.505625
0.038883,-0.339825,-2.833647,-4.421274,3.530313,3.359066,-16.699474,40.723278,-48.047608,0.235990,0.737698,-0.407137,-0.484097
0.232231,-0.558207,-2.786774,-3.681201,3.596177,4.338644,-11.865415,41.455711,-47.901122,0.269691,0.699372,-0.479521,-0.456294
0.200273,-0.510269,-2.786774,-2.506426,4.135064,4.471570,-6.591897,40.283818,-47.608148,0.309233,0.655342,-0.543448,-0.423751
0.064982,-0.063384,-2.811808,-1.090948,4.312298,4.421274,-0.585946,38.965438,-46.875715,0.347656,0.605904,-0.600965,-0.388403
-0.015447,0.196012,-2.584904,0.152086,4.914655,3.900349,4.101625,36.035706,-47.754635,0.374803,0.549512,-0.656585,-0.355605
-0.014381,0.127834,-2.379837,1.623848,5.005667,4.372175,8.935683,34.424353,-46.729229,0.392454,0.492605,-0.704855,-0.326344
-0.304670,0.388295,-2.114050,2.874067,5.142185,4.568569,11.279469,29.443809,-46.436255,0.406523,0.441211,-0.742929,-0.296864
-0.428243,0.498019,-2.413926,2.586661,5.414024,3.476424,14.502174,26.514076,-49.073014,0.408233,0.395696,-0.777972,-0.267449
-0.340890,-0.056460,-2.526313,5.623592,4.640421,3.315955,17.138933,23.291371,-49.365988,0.405774,0.333466,-0.818487,-0.232867
-0.286561,0.019708,-2.042143,6.273849,4.429656,3.014178,19.482719,18.310826,-49.073014,0.415226,0.281535,-0.843305,-0.192776
-0.453277,0.158194,-1.977694,6.811539,3.621325,3.396190,20.508125,14.648661,-50.098421,0.418509,0.236545,-0.861995,-0.160815
-0.435700,0.092679,-2.112452,7.770759,2.777068,2.841734,20.654612,11.572442,-49.365988,0.415703,0.194093,-0.879498,-0.126498
-0.681780,0.254602,-1.964910,8.470116,2.258538,3.611745,20.215152,6.152438,-49.512474,0.413245,0.149738,-0.893726,-0.089789
-1.406171,0.508672,-2.360662,7.239057,1.573552,2.870475,20.361639,3.369192,-50.537881,0.403914,0.109601,-0.906806,-0.050429
-1.559038,0.294017,-2.629113,8.157561,-0.570023,1.499305,20.068666,1.318379,-52.002747,0.383031,0.063898,-0.921420,0.013747
-0.732913,-0.033556,-3.109554,8.574301,-1.863354,0.055086,17.431907,-3.369192,-50.537881,0.362035,0.021377,-0.927688,0.088706
-0.403741,0.065515,-3.667229,9.300003,-4.312298,2.002267,15.967041,-8.935683,-50.244907,0.344502,-0.042795,-0.926165,0.147329
-0.574719,-0.058058,-3.411561,9.911940,-6.327738,1.886107,11.718929,-14.062715,-48.926528,0.315427,-0.121984,-0.919715,0.199372
-0.461799,0.260994,-3.129262,11.304665,-7.564785,1.695700,4.248112,-18.603799,-48.194095,0.287107,-0.196067,-0.904026,0.248727
-0.732913,0.112387,-2.363858,8.425807,-8.290487,1.513675,1.318379,-18.017853,-48.780041,0.251680,-0.268888,-0.883302,0.290059
-0.557142,-0.452212,-2.776654,8.431795,-8.901226,0.856233,-4.101625,-21.680018,-46.875715,0.225026,-0.317682,-0.859433,0.331385
-0.154998,0.021838,-1.774758,7.411501,-9.152707,1.062207,-7.324331,-20.215152,-45.410849,0.206400,-0.388725,-0.821974,0.361457
-0.104930,-0.022904,-1.879155,5.035605,-9.653274,2.186686,-11.572442,-20.654612,-47.022202,0.182049,-0.434250,-0.795981,0.380394
-0.168314,-0.404274,-2.168379,5.520604,-10.340655,1.749588,-15.820554,-18.457313,-47.754635,0.156209,-0.476715,-0.769883,0.394490
0.033024,-0.167249,-0.886314,6.515750,-10.150248,2.062143,-21.094072,-16.113527,-48.047608,0.137878,-0.533143,-0.729450,0.405771
0.251939,0.180032,0.091614,5.170926,-10.325087,3.087227,-23.144884,-13.769741,-50.977340,0.129940,-0.565359,-0.703170,0.411141
-0.131030,-0.123573,0.328639,3.907534,-10.199346,3.220153,-23.730831,-14.648661,-48.926528,0.123867,-0.570115,-0.698650,0.414142
-0.279636,0.249808,0.741968,4.820050,-9.865236,2.005859,-23.437858,-14.941634,-48.926528,0.132966,-0.569852,-0.695913,0.416286
-0.327574,0.427710,1.727885,5.780468,-9.895174,2.744734,-19.775692,-13.916228,-47.901122,0.143273,-0.560383,-0.694450,0.427998
-0.081494,0.253004,2.041078,4.894297,-9.453286,1.095738,-16.845960,-17.138933,-44.678416,0.162847,-0.527451,-0.706784,0.442417
0.100669,-0.339825,1.502578,5.725382,-9.516755,1.775934,-12.890822,-17.871366,-44.824903,0.184863,-0.489322,-0.726474,0.445673
0.207730,-0.775524,1.136654,5.443962,-8.896436,2.889635,-12.011902,-19.043259,-43.945983,0.208258,-0.468288,-0.737176,0.440348
0.352075,-0.366457,1.627749,7.521674,-8.879670,2.965079,-10.986496,-19.482719,-43.799496,0.235752,-0.458217,-0.743426,0.426351
0.496421,0.001065,2.348411,7.103736,-8.771893,3.598572,-9.228656,-19.482719,-44.971389,0.260619,-0.437952,-0.756168,0.410470
0.476713,0.281234,2.321247,7.667772,-7.818661,3.126746,-4.101625,-19.629206,-45.410849,0.284507,-0.392917,-0.783509,0.388311
0.183228,0.137421,2.329769,7.365995,-6.897762,3.326733,-1.757839,-20.215152,-46.289769,0.298999,-0.343495,-0.809958,0.369564
-0.014914,-0.200805,2.143345,8.080919,-5.443962,2.253748,3.222705,-17.871366,-46.289769,0.318628,-0.287581,-0.830985,0.353890
0.002663,-0.557674,1.743332,8.508437,-4.154225,1.878921,5.566491,-15.527581,-46.582742,0.344319,-0.239241,-0.839970,0.344468
0.198142,-0.340357,1.840805,8.890448,-3.375832,2.726771,6.005951,-13.916228,-44.385443,0.375635,-0.205811,-0.837997,0.338084
0.177902,-0.071906,1.861578,8.330005,-2.286081,3.193807,8.935683,-12.744335,-43.213550,0.403953,-0.169647,-0.837388,0.326837
0.245547,0.158194,1.499915,8.771893,-1.888502,2.870475,10.547036,-10.840009,-43.945983,0.425596,-0.130274,-0.837425,0.317201
0.294017,0.331835,1.703384,9.546694,-1.177170,2.832154,12.011902,-9.082170,-43.945983,0.438662,-0.097498,-0.836918,0.312471
0.276973,0.467126,1.653848,9.478434,-0.821504,2.653722,14.795148,-7.177844,-46.143282,0.449319,-0.059829,-0.837279,0.305773
0.527847,0.533706,2.212588,10.932233,-0.566431,1.981909,16.260014,-4.834058,-47.315175,0.455257,-0.019659,-0.837416,0.301811
0.518792,0.522520,2.861877,9.305990,0.531702,2.499241,17.724880,-2.783246,-46.436255,0.464108,0.033870,-0.837890,0.285302
0.470321,0.437298,2.745228,8.335993,1.472959,2.347155,20.361639,1.025406,-49.365988,0.477756,0.103472,-0.832995,0.259156
0.517194,0.463930,2.800623,7.448624,2.968672,2.803413,21.240558,6.298924,-50.244907,0.491448,0.170733,-0.820821,0.235759
0.342488,0.811744,2.842702,6.443898,4.245237,2.599833,20.361639,11.279469,-51.416800,0.504811,0.234325,-0.803407,0.211649
0.277506,0.971536,2.705813,6.336121,5.246370,1.631033,19.922179,16.113527,-52.442206,0.509808,0.298572,-0.784228,0.189572
0.543293,1.186190,2.857083,5.240383,5.834357,2.051366,20.215152,20.508125,-55.078965,0.509186,0.361104,-0.762497,0.170093
0.475115,1.149438,2.626450,4.348224,6.108591,1.737613,17.871366,25.488670,-54.785992,0.506502,0.421242,-0.739254,0.139692
0.590166,1.149438,3.055225,4.072793,6.370849,1.409491,14.648661,29.883268,-57.422751,0.502052,0.475972,-0.712867,0.114962
0.703085,1.285794,3.652315,2.227402,6.266664,1.789107,10.693523,34.131380,-59.327077,0.501652,0.538055,-0.672487,0.081266
0.528379,1.479142,3.941006,1.150824,5.125420,2.682463,6.591897,38.525978,-58.741131,0.502609,0.601131,-0.620409,0.033449
0.400546,1.465294,3.985748,-2.142378,5.221222,3.553066,-1.025406,42.041657,-59.913024,0.496101,0.666072,-0.556599,-0.020732
0.306268,1.624020,4.223305,-2.956697,4.772149,3.894361,-8.056764,43.799496,-60.498970,0.486618,0.712606,-0.499724,-0.075309
-0.110789,1.556375,3.698122,-6.803157,3.798559,4.532644,-16.699474,45.410849,-58.887617,0.470470,0.755615,-0.434655,-0.137039
-0.322247,1.490860,2.899161,-5.569703,3.745868,4.594915,-22.119478,42.920577,-57.862211,0.443535,0.783979,-0.392062,-0.186926
-0.617863,1.391257,3.233660,-6.276244,2.847722,4.200928,-28.271916,42.334630,-58.155184,0.414944,0.806808,-0.356933,-0.222444
-0.989646,1.119610,2.623254,-6.021171,2.704018,4.217694,-32.813001,37.793545,-58.008698,0.375502,0.832729,-0.315881,-0.256477
-0.699357,1.248509,3.094640,-4.927828,1.419071,4.215299,-36.035706,35.449760,-58.301671,0.332587,0.857436,-0.282275,-0.272967
-0.590166,1.219746,2.987047,-7.835426,0.838270,4.069200,-40.723278,30.176242,-58.301671,0.289205,0.878938,-0.233432,-0.298893
-0.385632,0.696694,1.612835,-8.189894,0.544875,5.160148,-42.627604,26.514076,-56.690318,0.247872,0.893367,-0.189734,-0.323197
-0.086820,0.781383,0.991776,-6.671429,0.647863,3.944657,-44.678416,23.584344,-55.518425,0.225875,0.902541,-0.171277,-0.324138
0.467658,1.491926,0.683910,-5.784060,-0.037123,5.582876,-44.678416,22.998398,-53.760586,0.217411,0.906465,-0.164088,-0.322692
0.661007,2.735641,1.140383,-3.947052,-0.514937,6.964823,-42.041657,22.119478,-51.416800,0.222252,0.898671,-0.164713,-0.340390
0.767002,3.491990,1.285261,-2.680068,-1.323268,7.988710,-39.551385,18.457313,-44.824903,0.221033,0.876837,-0.157557,-0.396834
0.162455,2.356934,0.875661,0.537690,-1.681329,8.453350,-36.035706,15.527581,-40.137331,0.215521,0.838688,-0.152229,-0.476424
0.096408,2.034686,1.521753,0.696961,-1.648996,8.156363,-32.080568,14.502174,-36.768139,0.204473,0.809995,-0.154868,-0.527365
-0.086288,0.714271,1.428541,1.047837,-1.716058,7.936018,-29.297322,12.890822,-33.984894,0.180171,0.783403,-0.139903,-0.578139
-0.188022,-0.432504,1.061020,0.425122,-1.044244,7.328872,-27.685969,12.451362,-33.252461,0.155571,0.774593,-0.122174,-0.600730
-0.209860,-0.984852,0.556077,0.918504,-1.257404,7.434254,-27.685969,11.572442,-34.131380,0.136894,0.783986,-0.102175,-0.596813
0.294550,-0.141682,1.164352,0.189209,-0.922097,7.528859,-30.762188,12.011902,-35.449760,0.127271,0.801142,-0.092308,-0.577454
0.318519,0.271114,1.108957,-0.429913,-1.350812,8.489276,-30.762188,10.840009,-34.863813,0.116318,0.805602,-0.060215,-0.577798
-0.320117,0.125703,0.365924,-1.217886,-1.071788,9.448496,-30.029755,6.298924,-34.717327,0.105463,0.801777,-0.032526,-0.587344
0.078298,-0.248743,-0.040481,1.087355,-1.232256,7.532451,-29.004349,8.203250,-35.449760,0.096083,0.799959,-0.033058,-0.591389
-0.422384,-0.481507,-0.145411,1.005924,-1.144837,8.779078,-30.908675,7.763790,-35.596246,0.100603,0.802283,-0.034512,-0.587393
-0.420786,-0.400546,0.212523,1.476552,-0.153284,7.185168,-30.469215,9.082170,-34.863813,0.096592,0.811227,-0.045157,-0.574927
0.710542,0.960883,0.643962,-0.702949,-1.033467,5.967282,-33.398947,10.840009,-35.742733,0.085428,0.821413,-0.032937,-0.562936
0.982189,1.660240,0.636505,1.331651,-1.431046,8.601844,-29.150835,7.763790,-35.010300,0.089221,0.806277,-0.010693,-0.584673
0.178435,1.210692,1.124404,4.229669,-1.525651,9.404188,-27.539483,5.859464,-33.398947,0.102284,0.772368,0.016244,-0.626675
-0.041546,0.356336,1.659175,1.205911,-1.674144,7.181576,-23.291371,4.541085,-31.494621,0.090013,0.742132,0.041568,-0.662880
0.641832,0.529445,0.144878,2.373501,-2.698031,6.943268,-24.023804,3.222705,-32.520027,0.059354,0.721431,0.067194,-0.686658
0.581111,-0.625852,0.386164,2.453735,-2.065736,8.268931,-21.972992,2.050813,-31.641108,0.071246,0.696201,0.049696,-0.712572
0.100136,-0.606677,0.333433,2.840537,-2.137588,9.376645,-23.437858,0.000000,-33.398947,0.078493,0.690427,0.048513,-0.717493
-0.638636,0.386697,0.170978,0.870603,-2.245365,7.601908,-25.049210,-0.146487,-33.838407,0.080479,0.685578,0.031947,-0.722832
0.408535,-0.181630,-0.324911,3.428523,-0.997541,6.839083,-22.998398,1.611353,-32.666514,0.071924,0.660720,-0.004620,-0.747164
0.311062,-1.283131,0.156596,3.481214,-1.447811,8.448560,-23.144884,1.464866,-32.227054,0.092221,0.640557,-0.030226,-0.761754
-0.380838,-0.258331,1.570756,2.119625,-2.032205,8.163549,-26.660563,1.464866,-34.863813,0.103500,0.643619,-0.044836,-0.756989
-0.071374,0.149672,0.789373,-1.251417,-2.756710,8.570708,-26.514076,-0.146487,-32.959487,0.068430,0.629187,-0.054016,-0.772349
0.039415,-0.633309,-0.305736,1.389133,-2.120822,8.738362,-26.807050,-0.146487,-34.717327,0.054524,0.602414,-0.068741,-0.793347
-0.307333,-0.224774,0.266853,1.474157,-0.573616,7.612686,-27.392996,0.146487,-34.424353,0.069430,0.587032,-0.103267,-0.799943
0.012783,0.124105,-0.350477,0.984368,-1.305306,7.283366,-27.978943,1.611353,-34.131380,0.065776,0.563047,-0.123594,-0.814479
0.099071,-0.143813,0.257798,1.876526,-1.842996,9.889187,-25.635157,1.904326,-34.717327,0.078463,0.524016,-0.155053,-0.833792
-1.089250,-0.381903,0.315856,1.511280,-0.870603,9.703570,-28.711376,1.757839,-34.277867,0.079074,0.486697,-0.179352,-0.851297
-1.807249,-0.633309,0.049536,0.182024,-0.693369,7.004341,-27.392996,5.127031,-34.131380,0.064496,0.457544,-0.224249,-0.858025
-0.929990,-0.933186,-0.233296,-0.426320,0.553258,6.034344,-30.176242,7.910277,-35.156786,0.046036,0.429817,-0.289613,-0.853968
-0.409600,-0.370718,-0.450081,-0.693369,0.913714,7.725253,-31.787594,9.228656,-36.182193,0.047288,0.407120,-0.325517,-0.852089
-1.689535,0.121442,-0.843702,0.301777,0.902936,10.070013,-31.787594,12.451362,-37.940032,0.055137,0.365226,-0.352012,-0.860033
-2.715933,0.178967,-0.419188,-0.352073,1.628638,7.780340,-32.813001,16.699474,-36.914626,0.054673,0.303837,-0.412147,-0.857221
-3.017408,0.665800,-0.885781,1.014306,3.602164,4.909865,-30.762188,22.265965,-37.793545,0.034423,0.243731,-0.491406,-0.835422
-2.418720,0.385632,-0.027165,1.798687,4.197336,3.945855,-30.029755,26.807050,-40.283818,0.017981,0.172625,-0.559099,-0.810731
-2.489561,0.015979,0.212523,1.371170,5.835554,3.788979,-28.418402,30.176242,-42.481117,-0.011502,0.121919,-0.600960,-0.789842
-3.219278,-0.467126,0.128366,0.142506,5.604431,2.213032,-29.297322,32.813001,-45.703822,-0.043063,0.077278,-0.644488,-0.759480
-3.520753,0.051133,-0.132095,1.846588,6.744478,-0.490986,-29.590295,37.793545,-50.098421,-0.064292,0.031915,-0.706120,-0.704445
-3.061617,0.104930,0.250341,1.523256,6.943268,-3.296795,-30.762188,38.672465,-56.250858,-0.085977,-0.018268,-0.760683,-0.643145
-2.744163,-0.713738,0.480974,1.395120,7.367192,-4.603298,-32.080568,38.525978,-62.256809,-0.112323,-0.057970,-0.800016,-0.586512
-2.173173,-1.029061,0.465528,1.945983,7.698908,-6.142121,-31.641108,38.965438,-67.969787,-0.122193,-0.080938,-0.833930,-0.532052
-2.078363,-1.012017,0.529977,0.902936,7.158823,-6.128949,-32.080568,35.889220,-74.268711,-0.123883,-0.095501,-0.857507,-0.490116
-2.396882,-0.761143,0.508139,0.785578,6.204393,-7.567180,-32.666514,35.010300,-77.784390,-0.125332,-0.118277,-0.879019,-0.444553
-2.350009,-0.383501,0.051666,1.926823,6.040331,-9.358682,-32.520027,31.934081,-81.739528,-0.127814,-0.140504,-0.900553,-0.391058
-1.662371,-0.965144,0.205599,1.613070,5.481086,-10.766975,-31.934081,29.297322,-86.720073,-0.131807,-0.174368,-0.914684,-0.339966
-0.915076,-0.679649,0.068178,1.713663,4.805680,-11.120245,-31.494621,26.514076,-88.331426,-0.123998,-0.196005,-0.922385,-0.308890
-0.664203,-0.638636,-0.125170,2.462118,4.368582,-9.956248,-29.590295,25.488670,-91.114672,-0.125415,-0.220879,-0.920263,-0.297656
-1.277804,-0.197077,0.033024,2.458525,3.377029,-9.054509,-30.176242,24.316777,-91.700618,-0.128761,-0.253668,-0.912581,-0.293716
-2.406469,0.436765,0.025567,2.107649,2.156748,-10.117914,-29.736782,21.533532,-93.018997,-0.139175,-0.287925,-0.907678,-0.271753
-3.036050,0.420253,0.246080,2.978252,0.067062,-10.636444,-30.322728,17.138933,-93.018997,-0.154859,-0.326547,-0.906481,-0.218355
-3.366820,0.017577,0.539032,1.765156,-2.175908,-12.586020,-31.641108,13.183795,-93.751431,-0.162920,-0.353959,-0.908646,-0.150108
-3.117544,-0.177369,-0.215187,1.917242,-3.244103,-13.032698,-31.934081,4.980545,-93.751431,-0.155524,-0.360962,-0.916211,-0.077953
-2.773458,-1.018408,-0.401078,2.887240,-4.780532,-12.329749,-30.322728,-1.318379,-93.018997,-0.141889,-0.388768,-0.910223,-0.014875
-1.227203,-0.268451,-0.193881,3.778201,-5.694246,-13.690141,-29.297322,-5.566491,-92.286564,-0.107589,-0.420226,-0.900525,0.029836
-0.047938,-0.797895,0.241286,3.136326,-5.933751,-9.970618,-27.392996,-5.712978,-91.554131,-0.109127,-0.445573,-0.887381,0.045941
-0.414927,-0.977395,0.511867,4.149435,-5.927764,-9.638903,-26.953536,-6.738384,-93.458457,-0.112941,-0.450055,-0.885526,0.023219
-0.607743,0.418655,0.890042,2.930351,-6.889379,-10.323889,-25.195697,-7.617304,-92.286564,-0.108118,-0.451651,-0.885590,0.007287
-1.102033,1.089250,-0.056993,1.963946,-6.647478,-8.770695,-26.074617,-8.496223,-92.286564,-0.138214,-0.436630,-0.888876,0.012274
-2.196076,0.166184,-0.485235,3.477621,-8.865300,-10.183778,-27.978943,-9.521630,-90.675212,-0.182321,-0.442856,-0.877243,0.032890
-1.394985,1.253303,-0.464995,1.555589,-7.829438,-11.899836,-28.857862,-13.037308,-85.987640,-0.190463,-0.470759,-0.858732,0.068471
-0.615732,1.816836,-0.548620,2.712401,-9.055707,-7.798303,-31.787594,-15.088121,-83.936828,-0.236549,-0.496779,-0.829030,0.099822
-1.743332,0.831984,0.180565,1.819045,-9.773026,-6.343306,-34.277867,-14.355688,-82.032502,-0.309735,-0.515474,-0.790234,0.117817
-3.071204,-0.737707,1.020539,2.065736,-10.630456,-6.101405,-34.570840,-16.406500,-76.466011,-0.343315,-0.525991,-0.763300,0.151137
-2.722857,-2.063981,1.424813,2.296859,-11.703442,-6.417553,-31.641108,-18.457313,-72.071412,-0.317398,-0.539980,-0.753934,0.198149
-2.909282,-2.216849,0.765404,1.835810,-12.239934,-3.406967,-28.564889,-21.240558,-70.167086,-0.262241,-0.549140,-0.762034,0.221313
-3.686936,-0.806417,0.184294,2.171118,-11.798046,-0.247888,-26.514076,-21.240558,-66.358434,-0.200905,-0.567233,-0.762514,0.237607
-4.666462,0.259396,-0.449548,2.506426,-12.489020,1.443021,-25.635157,-17.431907,-60.205997,-0.155658,-0.590041,-0.737471,0.289409
-4.880051,0.012783,-0.013849,3.350683,-10.896308,3.062079,-21.972992,-14.648661,-52.442206,-0.113233,-0.619202,-0.678581,0.378543
-3.875491,-0.600818,-0.128366,2.701623,-8.714412,3.800954,-22.851911,-10.254063,-41.602197,-0.049186,-0.639106,-0.606460,0.470457
-2.625917,-0.371783,0.117181,2.202254,-6.138529,4.791310,-23.730831,-4.980545,-36.914626,0.019121,-0.659672,-0.532608,0.529902
-1.571289,0.039948,0.222111,2.420204,-4.373372,6.322948,-25.049210,-1.904326,-33.545434,0.076762,-0.663519,-0.475718,0.572313
-1.015212,-0.109724,0.160857,1.187948,-3.246499,5.849924,-23.730831,1.757839,-34.570840,0.119897,-0.651318,-0.442961,0.604314
-0.022904,-0.301474,0.227970,2.047773,-3.092017,6.834293,-25.049210,4.248112,-33.252461,0.159498,-0.631916,-0.426735,0.627009
0.110789,-0.119844,0.395752,1.730428,-3.414152,8.044993,-24.463264,3.076219,-33.838407,0.191693,-0.614120,-0.433702,0.630882
-0.066580,0.350477,0.198142,1.913650,-3.417745,7.673760,-25.928130,3.076219,-33.838407,0.223628,-0.587571,-0.449950,0.634268
0.183761,0.311062,0.152335,2.057353,-3.235721,6.303788,-24.756237,3.369192,-32.959487,0.251980,-0.550915,-0.462030,0.647709
2.460266,0.431439,0.170978,2.474093,-4.076385,4.685927,-22.119478,4.248112,-33.545434,0.279126,-0.515120,-0.470309,0.659962
2.889574,0.528379,0.098538,2.215427,-6.327738,7.588735,-22.265965,-0.878920,-32.813001,0.272236,-0.501028,-0.499619,0.652104
1.902059,0.422916,-0.123040,2.751919,-7.239057,6.998354,-20.947585,-5.127031,-37.354086,0.252111,-0.486402,-0.549937,0.630414
1.510568,-0.348347,-0.032491,2.183094,-7.734834,5.599641,-19.336233,-7.324331,-38.965438,0.235508,-0.474468,-0.572558,0.625775
1.174472,-0.540097,0.088418,2.585463,-8.401857,5.457135,-21.533532,-9.228656,-41.748684,0.234199,-0.473474,-0.583577,0.616775
1.132393,0.132627,0.303605,2.718389,-8.385091,4.367385,-21.387045,-10.547036,-43.360037,0.242841,-0.474170,-0.588185,0.608465
1.267151,0.736109,0.308931,1.986699,-8.919189,3.951843,-21.826505,-14.209201,-46.143282,0.244156,-0.461300,-0.597559,0.608699
1.045040,0.547554,0.221046,3.066869,-9.576632,3.494387,-20.947585,-14.209201,-49.365988,0.230937,-0.436114,-0.617462,0.612547
1.396583,0.700422,0.242351,2.774672,-9.654471,1.773539,-21.826505,-14.795148,-49.658961,0.220662,-0.414365,-0.627472,0.621199
1.626684,-0.025567,0.394686,3.251289,-10.134680,1.701687,-21.826505,-17.138933,-51.416800,0.203562,-0.390558,-0.644590,0.624925
1.884482,-1.025865,0.209328,2.339970,-10.402926,0.614332,-22.998398,-20.654612,-52.588693,0.197941,-0.377891,-0.663769,0.614352
1.417889,-1.754517,0.249808,2.804611,-11.104678,1.687317,-24.756237,-21.240558,-57.569238,0.204181,-0.387589,-0.682836,0.584653
0.724924,-1.127067,0.430373,3.760238,-10.614889,0.207172,-25.635157,-21.240558,-62.256809,0.232043,-0.406000,-0.690204,0.552212
0.565664,-0.455407,1.755050,5.333790,-11.620812,0.114963,-25.195697,-21.387045,-63.575189,0.261432,-0.412229,-0.686414,0.539033
1.272478,0.607743,2.663202,4.564977,-10.856789,-2.098069,-21.533532,-25.342184,-63.721675,0.303456,-0.383187,-0.696325,0.525560
1.273010,0.857018,2.208860,4.644014,-11.313047,-1.638218,-16.552987,-25.928130,-66.944381,0.330459,-0.324519,-0.734087,0.496589
0.569393,-0.033556,0.661539,6.477429,-9.895174,-3.234523,-13.037308,-26.221103,-67.237354,0.343775,-0.261486,-0.770514,0.468778
1.166482,1.014147,0.162988,5.622394,-9.658064,-4.852384,-11.279469,-26.221103,-68.995193,0.360780,-0.242518,-0.770959,0.465451
1.940409,1.289522,-0.206132,6.597182,-10.031692,-3.965015,-13.476768,-25.781643,-72.364385,0.343111,-0.223971,-0.787125,0.461026
1.261292,-0.266853,-0.200805,5.467913,-9.355089,-5.162543,-15.234607,-23.144884,-75.294118,0.308298,-0.215739,-0.813903,0.442686
1.467957,-0.762208,-0.528912,5.053568,-9.234139,-5.948122,-16.406500,-23.730831,-78.223850,0.313309,-0.219312,-0.818128,0.429426
1.712439,-0.449548,-0.307866,6.328936,-9.634113,-6.366059,-16.552987,-21.533532,-80.128176,0.325536,-0.240096,-0.817642,0.409685
1.719896,0.348879,-0.210393,5.452345,-9.532323,-6.663046,-16.552987,-19.482719,-83.057908,0.332551,-0.258528,-0.821654,0.384003
1.706580,2.114582,-0.639701,4.593718,-9.491607,-7.890512,-19.775692,-18.896773,-85.694667,0.321705,-0.263686,-0.834858,0.360538
1.666099,3.080259,-0.600818,4.284755,-8.424610,-9.595792,-24.316777,-14.648661,-87.306020,0.262276,-0.258842,-0.860899,0.350805
1.396583,2.130561,-0.237025,2.955499,-7.782735,-9.529928,-29.004349,-11.718929,-89.063859,0.174508,-0.242823,-0.888620,0.347762
1.120143,0.603482,0.160857,1.759169,-6.998354,-9.831705,-33.398947,-9.668116,-89.063859,0.109989,-0.218482,-0.908525,0.338747
0.997635,-0.133693,0.182163,0.694566,-6.604367,-10.696320,-32.813001,-9.082170,-87.013046,0.088673,-0.193615,-0.922076,0.323151
1.065281,0.197610,0.063917,0.995146,-5.797233,-11.178924,-32.666514,-8.349737,-88.917372,0.087052,-0.170462,-0.933285,0.303882
1.001364,0.434102,0.028230,1.181960,-5.666703,-11.278319,-33.838407,-5.420005,-90.382238,0.075009,-0.149711,-0.943725,0.285207
0.919337,-0.066047,0.241286,0.799949,-5.154161,-11.448368,-34.424353,-3.369192,-90.675212,0.056513,-0.124786,-0.953580,0.268180
1.320948,-0.619461,-0.047938,0.376024,-4.203323,-12.844686,-33.984894,-0.878920,-91.407645,0.053709,-0.094460,-0.962118,0.250042
1.261292,-0.227970,0.124105,1.220281,-3.475226,-11.352566,-33.691920,1.757839,-93.165484,0.064278,-0.076968,-0.970226,0.220466
1.050899,-0.230633,0.082027,1.798687,-2.708808,-11.678293,-34.131380,3.076219,-93.311971,0.066675,-0.052517,-0.977529,0.192958
1.037051,-0.022371,0.260994,1.246627,-2.374698,-12.926118,-33.545434,4.248112,-92.433051,0.070291,-0.032797,-0.981916,0.172696
1.751854,0.225307,-0.394686,0.330518,-1.875329,-12.678229,-32.227054,6.445411,-93.165484,0.069806,-0.004771,-0.986020,0.151223
2.003793,0.255667,-0.475648,1.250219,-1.269380,-12.000428,-34.424353,10.107576,-93.018997,0.059757,0.010160,-0.992415,0.106949
1.210692,0.177902,-0.388295,1.735218,0.114963,-11.460343,-33.984894,14.648661,-92.286564,0.050139,0.019034,-0.997073,0.054498
1.033322,-0.329704,-0.140617,1.094541,0.620320,-11.614824,-34.424353,16.845960,-90.968185,0.041738,0.025222,-0.998465,0.026265
0.780851,-0.603482,-0.234362,2.052563,0.984368,-11.152579,-33.838407,19.189746,-92.433051,0.048789,0.039058,-0.998043,0.002015
0.628516,-0.123040,0.052199,1.163997,1.615465,-11.029233,-32.373541,20.947585,-92.140078,0.064013,0.048915,-0.996655,-0.013724
0.244482,0.284963,-0.182696,2.107649,2.386673,-10.629259,-32.227054,22.265965,-91.407645,0.065621,0.066614,-0.995287,-0.025675
0.419721,-0.248210,-0.246080,1.456194,2.217822,-12.899772,-32.520027,23.437858,-90.821698,0.053899,0.072535,-0.995628,-0.023629
1.234660,0.044742,-0.740370,1.355602,2.276501,-12.709365,-31.055161,23.437858,-91.407645,0.058561,0.084867,-0.994275,-0.028036
1.514297,-0.419188,-0.403209,3.906336,3.199795,-11.041209,-29.736782,26.221103,-90.382238,0.057103,0.081809,-0.993384,-0.056867
1.029061,-0.161390,0.494290,3.047709,3.614140,-9.297608,-28.564889,29.443809,-88.917372,0.068094,0.080284,-0.990305,-0.090626
0.195479,-0.590698,1.250640,4.256015,4.985309,-9.842483,-30.176242,30.762188,-86.427100,0.068194,0.101485,-0.986163,-0.111952
-0.371783,-0.920935,1.572887,0.828689,3.577016,-9.440114,-30.908675,28.271916,-87.745480,0.076692,0.145342,-0.980547,-0.107341
-0.533173,0.312127,0.238090,1.676539,4.390138,-12.127366,-30.176242,27.246509,-89.356832,0.093140,0.207748,-0.969850,-0.086929
0.460201,1.870100,0.577915,2.062143,2.923166,-10.720271,-31.494621,25.928130,-89.210346,0.077001,0.235259,-0.966725,-0.064552
0.224774,1.800324,0.544358,0.059876,4.276373,-9.398200,-35.449760,25.488670,-86.720073,0.022787,0.276953,-0.956784,-0.085685
0.394154,0.053797,0.127834,0.128136,4.232064,-10.951394,-37.061112,26.221103,-85.694667,-0.036524,0.302918,-0.947788,-0.092761
0.827190,-0.951296,-0.145943,-0.875393,3.751855,-11.381306,-36.768139,25.342184,-85.108721,-0.047369,0.332799,-0.937193,-0.093112
1.422682,0.059123,-0.635440,0.393987,4.105126,-10.757394,-34.863813,28.125429,-85.548180,-0.024828,0.365009,-0.925590,-0.097133
1.567028,1.616563,-0.742501,0.531702,4.633236,-9.435323,-33.838407,30.029755,-82.471962,-0.020167,0.383197,-0.914696,-0.126825
2.212055,1.588866,-0.428243,1.427453,5.926566,-9.701175,-33.984894,34.863813,-79.688716,-0.055036,0.388380,-0.902586,-0.177397
2.531640,0.787775,0.123040,1.486132,6.491799,-7.161218,-34.570840,36.914626,-73.829252,-0.084301,0.402474,-0.877818,-0.245649
2.521519,-0.117714,0.537967,0.501764,7.221094,-5.879863,-33.984894,37.793545,-69.141680,-0.094362,0.429166,-0.843276,-0.309513
2.236024,0.074570,0.421851,0.566431,7.593525,-3.236918,-34.424353,38.525978,-64.307622,-0.087271,0.465385,-0.804915,-0.357647
0.943839,0.337161,-0.225307,0.288604,8.007870,-2.320809,-33.838407,36.768139,-61.377890,-0.087482,0.489150,-0.770846,-0.398592
0.500149,-0.949698,-0.007457,0.698159,8.417425,-2.690846,-33.105974,37.793545,-58.301671,-0.105318,0.488179,-0.759576,-0.416695
0.430373,-1.345450,-0.085222,-0.525715,8.353956,-2.841734,-34.277867,37.793545,-59.473564,-0.104448,0.510520,-0.750823,-0.405862
0.851692,-0.990178,-0.255135,0.501764,8.003080,-4.479952,-32.227054,38.086519,-60.938430,-0.095421,0.531513,-0.748958,-0.383993
1.547853,0.866606,-0.079896,1.835810,7.722858,-2.028612,-31.055161,38.965438,-60.059510,-0.082941,0.558338,-0.733549,-0.378531
0.645027,-0.441559,0.324911,1.700490,7.683340,-0.324530,-31.787594,37.647059,-56.104372,-0.100507,0.570168,-0.701247,-0.416003
0.960883,-0.392556,0.176304,-0.371234,8.733572,-1.575947,-31.641108,37.500572,-56.250858,-0.112718,0.599333,-0.678009,-0.410364
0.959818,0.280169,0.181098,-0.137716,8.042598,0.419135,-31.201648,37.354086,-55.518425,-0.121050,0.622100,-0.656560,-0.408983
0.953426,0.074037,-0.229035,1.306503,7.952784,-1.526848,-31.494621,37.940032,-52.881666,-0.144243,0.634941,-0.633653,-0.417765
1.675154,-0.170978,-0.222644,-0.530505,7.934821,-0.241901,-31.055161,36.914626,-51.270314,-0.155796,0.656603,-0.602925,-0.425538
1.927093,0.294550,-0.483105,1.156812,7.276180,0.918504,-30.322728,35.889220,-48.194095,-0.152942,0.675447,-0.573593,-0.437459
1.850393,0.043144,-0.674323,1.898082,5.939739,4.003336,-28.125429,34.863813,-46.582742,-0.145883,0.691438,-0.534668,-0.463424
2.013381,-0.073504,-0.622124,2.456130,5.609221,2.659710,-27.685969,33.838407,-44.092470,-0.134361,0.704058,-0.502443,-0.483529
2.813406,0.114518,-0.242884,3.502770,4.297928,3.963818,-25.195697,30.762188,-41.309224,-0.113099,0.726016,-0.456013,-0.502156
2.495953,-0.480974,-0.167249,2.014242,3.137523,7.037872,-25.635157,28.564889,-38.233005,-0.077448,0.753510,-0.380173,-0.530748
2.191815,-0.144346,0.236492,2.757907,1.797490,8.118043,-24.609751,25.195697,-35.742733,-0.042458,0.778497,-0.321111,-0.537613
1.785943,0.687639,0.120909,1.939995,1.688515,8.462931,-23.877317,22.119478,-33.545434,-0.018337,0.799727,-0.251734,-0.544730
1.460500,-0.220513,-0.080429,3.429720,0.748455,7.992302,-22.558938,19.043259,-31.641108,-0.004097,0.802022,-0.190900,-0.565952
1.475414,-0.892173,-0.225840,2.966277,0.100592,8.392276,-23.291371,16.552987,-31.201648,0.015880,0.817856,-0.125518,-0.561341
0.968340,0.384034,0.400013,2.936339,-0.764023,8.939547,-24.023804,14.648661,-32.520027,0.043591,0.839525,-0.069270,-0.537122
0.358467,-0.103865,0.029295,3.046511,-0.932874,8.819794,-24.170291,11.572442,-32.080568,0.050385,0.838814,-0.013543,-0.541913
-0.352075,-0.507606,0.314258,5.169729,-1.816650,8.522807,-23.437858,11.718929,-31.641108,0.051581,0.843562,0.020693,-0.534149
0.345151,-0.153933,1.118012,3.635695,-1.599897,5.763702,-26.221103,12.451362,-31.201648,0.030238,0.854582,0.073910,-0.513140
1.488197,0.380838,2.457070,6.951650,-3.032141,7.381563,-26.367590,9.375143,-32.813001,0.011833,0.856306,0.142242,-0.496355
1.295381,0.012251,3.858447,1.446614,-3.984176,9.100016,-24.170291,3.076219,-32.080568,0.002515,0.847288,0.133947,-0.513960
0.474050,0.922000,2.787840,1.003528,-2.254945,8.916794,-22.998398,-1.904326,-33.252461,-0.028350,0.831676,0.230762,-0.504243
0.369120,-0.851692,2.868801,3.397387,-3.265659,7.259415,-18.457313,-4.394598,-32.813001,-0.052815,0.798461,0.303672,-0.517160
0.006392,-0.273244,3.145241,0.868208,-3.212968,8.527597,-18.017853,-5.712978,-34.131380,-0.094246,0.796424,0.335634,-0.494142
0.563001,0.240221,3.528742,0.599962,-2.578278,7.164810,-14.941634,-6.738384,-34.570840,-0.144118,0.769251,0.397110,-0.479361
0.570458,-0.072439,2.600883,-0.802344,-2.072921,7.846204,-12.597848,-9.375143,-33.691920,-0.181740,0.723507,0.476768,-0.464974
0.598688,-0.033556,2.127366,2.566303,-2.987832,8.141993,-9.521630,-10.693523,-34.717327,-0.208852,0.677940,0.549144,-0.441836
0.697226,-0.093745,1.994738,1.913650,-2.448945,8.133610,-7.763790,-10.986496,-34.424353,-0.225845,0.654827,0.582383,-0.425472
0.608275,-0.187489,2.028827,1.217886,-2.652525,7.683340,-3.808652,-11.425956,-36.035706,-0.239548,0.629290,0.618616,-0.404875
0.756882,-0.722260,1.350776,0.772406,-2.648932,7.435452,-3.222705,-11.718929,-37.207599,-0.253601,0.599287,0.654635,-0.384701
0.193348,-0.286561,0.796830,-0.348481,-2.282488,8.291684,-4.101625,-12.011902,-36.035706,-0.268342,0.582397,0.680677,-0.354238
0.049003,0.239688,-0.060188,0.662233,-2.530377,8.262943,-2.197299,-12.451362,-36.182193,-0.280324,0.553730,0.706697,-0.339678
0.018642,-0.001065,-0.555544,0.809529,-2.835746,7.999487,-3.662165,-12.158389,-37.061112,-0.273292,0.544162,0.713802,-0.345956
-0.086820,-0.288158,-1.241052,0.886171,-2.846524,8.222228,-4.834058,-13.330282,-36.475166,-0.267843,0.545599,0.711508,-0.352616
-0.021838,0.028230,-1.519623,1.209503,-2.848919,7.951586,-7.324331,-12.597848,-36.914626,-0.262223,0.563461,0.695635,-0.360338
-0.076700,-0.126768,-1.313491,2.756710,-2.845327,7.883327,-8.642710,-13.037308,-36.768139,-0.248104,0.585199,0.675933,-0.372963
-0.266853,-0.420786,-1.190984,1.050232,-2.301649,7.448624,-10.547036,-13.769741,-36.328679,-0.239469,0.615263,0.645530,-0.383922
-0.100136,0.022371,-1.364092,0.778393,-2.601031,7.985117,-12.890822,-12.304875,-36.328679,-0.240980,0.634553,0.623825,-0.387445
-0.220513,-0.069776,-1.253303,2.213032,-2.586661,7.730043,-16.552987,-12.451362,-35.889220,-0.232264,0.649714,0.606524,-0.395038
0.005859,0.557142,-0.977928,0.781986,-2.090884,7.813870,-16.992447,-10.547036,-35.742733,-0.231148,0.670456,0.580030,-0.400780
0.053797,0.555011,-0.780851,1.546009,-2.179501,7.627056,-18.310826,-9.814603,-36.475166,-0.218774,0.670714,0.577689,-0.410556
0.218915,0.704683,-0.896966,0.553258,-2.288476,7.703698,-17.285420,-8.789197,-35.742733,-0.208456,0.671156,0.574346,-0.419788
0.066580,0.807483,-1.120675,0.622715,-2.545945,7.953981,-18.017853,-9.814603,-35.010300,-0.189405,0.667095,0.578413,-0.429590
-0.069243,0.319584,-1.293783,2.057353,-2.960289,8.379104,-18.603799,-9.228656,-35.010300,-0.165652,0.665760,0.575988,-0.444479
-0.194946,0.769133,-1.294316,1.597502,-2.616599,6.803157,-19.043259,-7.324331,-34.277867,-0.149685,0.678886,0.555482,-0.456232
-0.038350,0.345684,-1.577681,2.869277,-3.180634,7.983919,-19.775692,-6.298924,-32.080568,-0.129142,0.684000,0.534269,-0.479607
-0.120909,0.483105,-1.102033,2.803413,-2.795030,6.955243,-19.336233,-5.273518,-34.277867,-0.107988,0.702777,0.499827,-0.494587
0.290289,0.146476,-1.417889,2.562710,-3.220153,7.451019,-20.508125,-3.222705,-33.105974,-0.091390,0.713635,0.464267,-0.516555
0.078298,0.589633,-1.175537,3.233326,-3.860830,8.125228,-21.094072,-3.222705,-33.984894,-0.066900,0.730441,0.430691,-0.525819
-0.341955,0.166184,-1.092445,2.332785,-3.309967,7.945599,-20.068666,-2.490272,-31.494621,-0.042548,0.738402,0.390378,-0.548231
-0.543293,-0.003196,-1.706580,2.851314,-3.913522,8.308450,-21.387045,-0.292973,-31.348135,-0.031521,0.746509,0.349909,-0.565061
-0.551815,0.225307,-1.348645,3.029746,-3.512350,7.597118,-22.705425,2.197299,-33.252461,-0.018298,0.761716,0.285997,-0.581085
-0.660474,0.210926,-1.573952,2.193871,-3.319548,8.570708,-23.291371,3.369192,-31.494621,-0.010706,0.766374,0.221856,-0.602773
-1.489262,-0.549152,-3.352438,0.756838,-4.005731,9.551484,-22.412451,7.177844,-31.201648,-0.002242,0.766594,0.163326,-0.621010
-1.437064,-0.844768,-4.484832,1.674144,-4.250027,6.882194,-24.023804,14.062715,-31.934081,0.014201,0.779757,0.052818,-0.623688
-0.724391,-0.864475,-3.974562,3.876398,-3.494387,7.186366,-24.170291,21.240558,-32.080568,0.047848,0.783551,-0.101148,-0.611169
0.321182,-1.009886,-3.004092,1.177170,-2.123217,5.579283,-22.265965,25.781643,-33.105974,0.086931,0.786082,-0.187206,-0.582642
1.458902,-1.092978,-3.143643,1.013109,-2.623784,7.471377,-21.387045,27.246509,-34.570840,0.132454,0.785639,-0.243112,-0.553284
1.071140,-0.871400,-2.215251,2.275303,-3.864423,8.480894,-18.750286,26.367590,-33.398947,0.210073,0.773909,-0.287012,-0.523984
0.283897,-0.205599,-1.430672,-0.178432,-1.762761,9.357484,-19.189746,24.756237,-33.252461,0.268724,0.764158,-0.312992,-0.495869
-0.100136,0.241819,-1.268749,-1.579539,-3.834485,6.730108,-16.845960,26.807050,-32.666514,0.298111,0.751129,-0.345248,-0.477220
0.356336,0.177369,-1.443988,-0.220345,-3.181832,6.800762,-14.795148,26.807050,-33.838407,0.308100,0.718889,-0.412064,-0.467415
0.743566,-0.047405,-1.574485,0.003593,-2.242970,7.813870,-13.623255,25.928130,-32.959487,0.331712,0.680222,-0.465794,-0.458586
0.580045,0.846898,-1.478077,-3.107585,-1.518466,8.274919,-13.037308,26.221103,-31.494621,0.370353,0.640646,-0.502916,-0.446640
-0.002131,1.554245,-1.419487,0.446678,-2.632167,10.194556,-9.668116,23.144884,-31.055161,0.388953,0.576434,-0.562520,-0.447226
-0.619461,1.619759,-1.794465,-0.566431,-2.572290,8.849732,-4.834058,23.584344,-31.201648,0.387195,0.513201,-0.619200,-0.450883
-1.246911,0.991776,-1.877025,2.046575,-2.563908,8.175524,1.318379,23.877317,-32.959487,0.372044,0.437022,-0.690430,-0.440343
-1.020006,0.545424,-1.529210,1.883712,-1.320873,6.378034,4.394598,26.953536,-33.398947,0.359333,0.412977,-0.727944,-0.412828
-0.559272,0.364326,-1.620825,2.207044,-1.211898,6.526528,6.152438,24.902724,-36.035706,0.347790,0.396779,-0.757662,-0.384132
-0.088418,-0.684443,-1.570224,3.654856,-1.635823,7.047453,8.349737,25.049210,-36.768139,0.344915,0.378899,-0.778012,-0.363548
-0.368587,0.022371,-0.928392,2.739944,-1.148429,7.991105,9.228656,23.291371,-35.596246,0.369136,0.377903,-0.777766,-0.340599
-0.330770,0.108659,-0.905489,2.659710,-0.681393,7.999487,9.961089,22.558938,-35.449760,0.366989,0.378429,-0.785176,-0.324975
-0.297746,-0.353673,-1.029594,2.859697,-0.467036,8.351561,11.279469,21.240558,-36.768139,0.361450,0.375900,-0.794628,-0.310836
-0.453277,-0.452212,-1.020006,1.949576,-0.285012,8.085709,10.693523,21.240558,-35.889220,0.366799,0.375182,-0.799715,-0.291810
-0.821331,-0.590166,-1.767833,0.884973,-0.317345,8.728782,11.425956,20.801099,-35.742733,0.372569,0.370232,-0.808602,-0.265110
-1.073270,-0.500149,-1.948398,2.539957,0.203580,7.847401,11.718929,19.922179,-36.035706,0.381983,0.343465,-0.830027,-0.217200
-0.507074,-0.082027,-1.222410,2.874067,2.244168,6.449886,11.572442,17.724880,-37.354086,0.387216,0.319831,-0.850311,-0.157297
-0.151270,-0.415459,-0.610938,1.854971,1.526848,7.433057,12.158389,19.189746,-35.889220,0.383686,0.294618,-0.866975,-0.119747
0.209860,0.030360,-0.797895,1.256207,1.537626,7.471377,12.451362,17.138933,-35.889220,0.386447,0.275406,-0.875664,-0.089566
-0.025034,-0.119311,-1.663436,0.210765,0.699356,7.968352,12.597848,15.527581,-36.035706,0.380606,0.240357,-0.890241,-0.069569
-0.225840,-0.304670,-2.260526,2.586661,0.282617,7.708488,13.037308,13.037308,-35.303273,0.376932,0.178134,-0.908372,-0.032400
-0.255667,-0.470854,-1.798194,1.936403,0.641875,6.938477,12.304875,10.547036,-35.742733,0.375914,0.117715,-0.918979,0.017592
-0.195479,-0.329172,-1.961714,1.949576,0.899344,7.734834,12.158389,7.177844,-35.010300,0.378074,0.058803,-0.921559,0.065822
-0.217850,-0.279104,-2.551880,1.532836,0.770011,6.981588,11.132982,4.980545,-34.570840,0.374261,-0.010421,-0.920250,0.113845
0.053797,-0.257265,-2.356934,2.345957,0.579604,6.643886,9.228656,2.197299,-33.545434,0.364258,-0.101053,-0.910080,0.169878
0.492692,-0.217317,-2.576914,2.998610,-0.300580,7.379168,8.642710,-0.439460,-34.424353,0.351337,-0.188086,-0.891360,0.216019
0.509737,-0.085755,-2.410730,3.217758,-0.819109,7.537241,5.273518,-2.929732,-34.570840,0.329826,-0.276695,-0.867261,0.250027
0.596557,-0.220513,-2.509269,3.345893,-1.829823,7.945599,3.808652,-6.445411,-34.277867,0.305020,-0.355850,-0.838227,0.278763
-0.149139,-0.393089,-2.277037,4.193743,-1.874131,8.545560,0.878920,-9.082170,-34.570840,0.277889,-0.429903,-0.805918,0.297416
-0.072439,-1.442923,-2.193946,3.039326,-1.953168,7.921648,-3.808652,-9.668116,-35.156786,0.264235,-0.496600,-0.760676,0.323946
0.086820,-1.023202,-1.849860,2.803413,-2.135192,8.371919,-7.910277,-9.082170,-35.156786,0.276647,-0.562363,-0.707490,0.326607
-0.277506,-0.290822,-0.275375,2.638154,-1.832218,8.304857,-12.451362,-10.107576,-35.010300,0.286134,-0.611585,-0.662901,0.323502
-0.052199,0.315323,0.411198,2.074119,-1.750786,7.768364,-14.062715,-8.789197,-33.398947,0.307142,-0.614804,-0.652847,0.318545
-0.038350,0.466593,1.203767,2.123217,-1.785514,8.182709,-13.037308,-8.349737,-34.131380,0.322968,-0.593077,-0.669761,0.308822
-0.068178,0.767535,1.143046,1.578342,-1.152022,7.942006,-10.254063,-8.789197,-33.691920,0.343161,-0.551429,-0.701362,0.293697
0.162455,1.132926,1.793400,4.121892,-1.237046,7.635439,-7.763790,-8.642710,-33.545434,0.354457,-0.500839,-0.736988,0.283495
0.640766,0.604014,2.625384,3.848855,-0.967603,7.236662,-3.369192,-8.642710,-32.666514,0.358520,-0.463549,-0.761273,0.277578
0.720130,0.099071,2.523117,1.756774,-2.128007,8.267734,0.146487,-8.642710,-34.131380,0.367923,-0.420034,-0.791957,0.246998
0.288691,0.306268,1.729483,2.828561,-1.009516,7.497723,2.929732,-9.082170,-36.328679,0.382494,-0.356269,-0.828075,0.202641
0.357934,0.315856,1.388061,3.320745,-1.415478,7.579155,4.101625,-8.496223,-36.035706,0.387947,-0.320103,-0.845228,0.180614
0.108659,0.234362,1.421084,3.378227,-1.190343,7.679747,5.273518,-7.031357,-35.742733,0.389106,-0.290729,-0.859419,0.159600
0.104930,0.031426,1.310295,3.119561,-0.949640,7.580352,8.203250,-5.859464,-35.742733,0.393093,-0.259396,-0.870222,0.144585
0.477246,0.309464,0.577915,3.063277,-0.294592,6.945663,8.789197,-5.273518,-38.086519,0.398261,-0.233289,-0.877361,0.131154
0.590166,-0.015979,0.417057,5.921776,-1.532836,8.728782,10.254063,-5.566491,-38.379492,0.390687,-0.234965,-0.881954,0.119630
-0.060188,-0.383501,1.439727,3.102795,-1.214293,7.025897,9.961089,-6.152438,-38.086519,0.387595,-0.240079,-0.884038,0.103002
-0.023969,-0.208795,1.147307,4.054830,-1.379552,7.679747,10.400549,-3.369192,-37.061112,0.401595,-0.205906,-0.888270,0.085450
-0.156064,-0.309997,1.316154,3.454868,-1.104121,7.468982,9.814603,-2.783246,-36.768139,0.410552,-0.180597,-0.890710,0.073941
-0.138486,-0.192283,1.725222,3.560251,-0.470629,7.798303,10.840009,-1.757839,-36.914626,0.424543,-0.147574,-0.891100,0.062655
-0.028230,0.143813,1.481273,1.466972,-0.046704,7.113317,10.840009,2.050813,-36.035706,0.435574,-0.107864,-0.892411,0.047368
0.256733,0.202403,1.512699,3.252486,-0.124543,7.603106,11.718929,3.808652,-35.742733,0.436768,-0.082523,-0.894953,0.038515
0.222111,-0.111854,1.869568,3.342301,-0.079037,7.349230,12.451362,5.712978,-36.768139,0.434207,-0.057161,-0.898697,0.023268
0.731315,0.054862,1.559038,1.597502,0.490986,7.642624,12.597848,6.445411,-36.328679,0.438938,-0.021599,-0.898245,0.004702
0.396284,0.182163,0.478311,1.168787,0.180827,8.612622,13.476768,7.617304,-36.621653,0.436873,-0.009971,-0.899170,-0.023139
0.600286,0.138486,0.734511,4.587730,-0.207172,6.977996,13.330282,7.470817,-37.354086,0.430321,-0.022152,-0.901926,-0.029358
0.302007,-0.360065,1.893536,4.147040,-0.562838,9.270065,14.209201,7.763790,-37.061112,0.425549,-0.016178,-0.903585,-0.046697
-0.196544,-0.649821,2.298876,0.954430,-0.965208,6.057097,12.744335,9.814603,-38.233005,0.430581,0.025943,-0.899269,-0.072399
1.009353,-0.399480,1.533472,2.077711,-0.892158,7.247440,12.451362,12.744335,-35.303273,0.443563,0.090443,-0.887146,-0.089688
1.074336,-0.411198,1.672491,0.978380,-1.365182,7.756389,12.011902,13.183795,-33.984894,0.453588,0.117877,-0.874390,-0.125715
0.117714,-0.159259,1.400311,0.471826,-2.919573,11.254369,10.254063,13.183795,-35.156786,0.463270,0.147805,-0.857592,-0.167544
-0.308399,0.072439,1.292185,0.744862,-0.813122,7.449822,10.107576,14.502174,-33.545434,0.466545,0.189916,-0.843426,-0.186815
-0.242351,-0.014914,0.966742,0.699356,-1.075380,8.066549,9.375143,16.699474,-33.691920,0.459738,0.220064,-0.838405,-0.193104
-0.095343,-0.075635,1.069009,1.575947,-0.233518,7.321686,8.496223,18.164340,-34.277867,0.456395,0.240548,-0.834574,-0.193198
0.313193,-0.057525,1.103631,0.298184,-0.999936,7.526464,7.324331,19.922179,-33.691920,0.455298,0.262875,-0.827798,-0.195837
0.202936,0.116116,0.075635,-0.519727,-0.777196,7.952784,7.031357,19.629206,-33.398947,0.455364,0.270632,-0.822840,-0.205756
0.102800,-0.465528,-0.239156,2.512414,-1.506490,6.492997,7.910277,19.922179,-34.570840,0.454767,0.241167,-0.833551,-0.200545
0.775524,-0.677519,1.543592,3.947052,-1.037059,6.707355,6.591897,18.310826,-33.545434,0.474543,0.248965,-0.823271,-0.187217
0.702020,-0.379240,2.740967,0.628702,-2.863290,8.865300,4.834058,20.361639,-32.666514,0.497932,0.293536,-0.787658,-0.213297
-0.247678,0.300942,2.310061,-0.810726,-3.257276,9.527533,2.490272,20.654612,-32.080568,0.505312,0.344723,-0.748998,-0.254614
-0.803222,0.167782,1.869035,1.096936,-1.983106,8.193487,2.783246,22.705425,-32.080568,0.487082,0.365288,-0.744548,-0.273795
0.096408,0.160325,2.138018,0.251481,-1.790304,5.503839,0.585946,25.488670,-32.813001,0.469002,0.413652,-0.730503,-0.274399
0.662072,0.107593,2.027762,1.628638,-2.739944,8.503647,-0.732433,25.635157,-32.666514,0.456248,0.445283,-0.712300,-0.293581
0.549152,-0.161923,2.538031,1.395120,-3.747065,7.781537,-1.611353,25.635157,-32.666514,0.454081,0.481289,-0.676462,-0.323372
0.274310,0.058590,2.086352,-0.772406,-3.812929,8.987448,-5.712978,25.928130,-31.787594,0.450445,0.535192,-0.619900,-0.355518
-0.165651,0.361663,1.789139,0.901739,-3.616535,8.182709,-6.445411,26.953536,-31.934081,0.436780,0.540070,-0.612259,-0.377738
-0.628516,0.309464,2.081558,1.343626,-2.687253,8.267734,-7.617304,26.074617,-33.105974,0.415167,0.560412,-0.599135,-0.393207
-0.811744,0.359532,2.104995,2.001069,-1.937600,6.895366,-9.668116,29.004349,-33.105974,0.383115,0.597277,-0.577225,-0.404097
-0.906554,0.318519,2.754816,3.102795,-1.665762,7.696513,-10.547036,30.176242,-33.984894,0.343186,0.646397,-0.544292,-0.410049
-0.413329,0.084690,3.953789,2.774672,-0.867010,5.596049,-14.209201,31.494621,-36.182193,0.289267,0.712984,-0.482731,-0.418269
0.779785,0.038350,4.279765,1.225071,-1.174775,6.016381,-18.750286,31.055161,-36.621653,0.229184,0.789620,-0.369453,-0.432988
1.802988,0.236492,3.887209,-0.174839,-2.056156,7.415094,-23.730831,25.781643,-33.398947,0.185212,0.836789,-0.243830,-0.453903
1.285261,0.235960,3.037648,0.152086,-3.175844,9.987384,-24.609751,20.801099,-32.813001,0.167516,0.852539,-0.129643,-0.477817
0.879389,-0.327041,2.143345,-0.947245,-2.396254,7.659389,-26.953536,15.820554,-31.934081,0.150182,0.856594,-0.038556,-0.492144
0.575252,-0.061254,2.032023,1.459787,-2.887240,10.419691,-27.100023,11.865415,-32.080568,0.139147,0.863373,0.025881,-0.484310
-0.400013,0.373914,2.091146,0.608344,-3.005795,7.445032,-27.539483,9.375143,-32.227054,0.125690,0.863894,0.088933,-0.479562
0.152868,-0.229568,1.576615,-0.119753,-2.395056,7.012724,-27.392996,7.470817,-32.080568,0.087681,0.858695,0.128662,-0.488264
0.289224,-0.109191,0.822929,1.438231,-2.743537,8.235400,-26.367590,5.859464,-32.520027,0.067573,0.859545,0.171841,-0.476537
0.076700,-0.469256,1.756115,3.203388,-3.054894,8.516819,-25.049210,3.662165,-33.252461,0.062133,0.860841,0.196384,-0.465323
-0.092147,0.124638,2.280766,1.098133,-2.609414,8.689263,-27.978943,3.955138,-33.252461,0.038224,0.862950,0.227236,-0.449689
0.085755,0.370718,1.953725,2.577080,-2.984240,7.868957,-24.170291,0.439460,-33.545434,0.005213,0.848829,0.290001,-0.441997
0.034622,0.287626,2.655212,3.333918,-3.100400,7.740821,-23.144884,-1.171893,-33.398947,-0.016179,0.834165,0.327542,-0.443422
0.313725,0.288691,2.718596,1.974724,-2.768685,7.143255,-21.680018,-2.929732,-31.934081,-0.049169,0.813778,0.372278,-0.443574
0.093212,0.006924,2.466125,4.596113,-3.493189,8.175524,-19.189746,-4.541085,-32.373541,-0.076145,0.784886,0.433863,-0.435797
0.176837,0.238623,2.946034,0.728097,-1.934008,6.556466,-17.578393,-5.566491,-33.691920,-0.108305,0.768070,0.463071,-0.428840
0.307866,0.323845,2.380902,2.920771,-2.342365,8.440178,-14.502174,-6.884871,-33.252461,-0.140468,0.719605,0.537950,-0.415989
0.030893,1.012017,2.386229,1.336441,-1.692107,8.352758,-11.132982,-8.203250,-32.813001,-0.160455,0.683537,0.583383,-0.408284
0.637038,0.650354,1.540929,0.947245,-0.774801,6.966021,-6.738384,-8.203250,-33.398947,-0.170754,0.622339,0.640540,-0.416229
-0.178435,-0.446353,0.654615,1.829823,-0.841862,7.733636,-5.127031,-8.642710,-34.131380,-0.162303,0.578184,0.683247,-0.415372
0.103865,0.290289,0.775524,2.984240,-0.572418,8.175524,-4.834058,-7.763790,-33.838407,-0.175159,0.571301,0.682469,-0.420916
0.302540,0.141682,0.415992,4.077583,-1.512478,7.690525,-3.808652,-7.617304,-34.863813,-0.170940,0.568075,0.675732,-0.437557
0.181098,-0.615200,0.627983,4.539829,-1.817848,8.192289,-2.343786,-8.496223,-34.277867,-0.159453,0.579510,0.658278,-0.453225
0.213589,-1.466359,0.160857,2.646537,-1.216688,7.898895,-3.808652,-8.789197,-33.398947,-0.163571,0.598247,0.637273,-0.457414
0.416525,-0.715336,0.503345,1.463379,-0.671813,8.076129,-6.738384,-8.203250,-33.105974,-0.178574,0.628607,0.612805,-0.444337
0.479376,-0.364859,0.351543,2.458525,-0.992751,7.389946,-6.884871,-8.642710,-32.959487,-0.187650,0.627511,0.619827,-0.432240
0.346749,-0.240221,0.166716,2.036995,-1.274170,7.096551,-7.177844,-10.107576,-34.717327,-0.186704,0.638352,0.612374,-0.427372
-0.016512,-0.279636,0.391491,1.532836,-1.106516,7.639031,-7.470817,-10.693523,-35.010300,-0.182618,0.647230,0.605260,-0.425917
-0.316388,-0.147009,0.801624,1.058615,-1.044244,7.509698,-9.082170,-9.961089,-35.742733,-0.188812,0.644901,0.605239,-0.426778
-0.179500,0.164053,0.714803,1.142442,-0.998738,8.159956,-8.349737,-9.814603,-34.131380,-0.207073,0.623072,0.619131,-0.430789
0.167249,0.164053,0.863943,1.589120,-1.270577,8.589869,-6.152438,-9.961089,-32.813001,-0.217110,0.597042,0.635452,-0.438867
0.347282,0.315323,0.564066,2.432179,-1.840601,8.314437,-5.127031,-9.521630,-33.838407,-0.221229,0.575322,0.650688,-0.443472
0.343553,0.254602,0.337694,2.383081,-1.969934,7.713278,-3.076219,-9.521630,-34.131380,-0.214728,0.565548,0.654493,-0.453526
0.315856,0.234894,0.015447,2.496846,-1.544811,7.477365,-3.515679,-9.961089,-35.156786,-0.202948,0.563151,0.650370,-0.467644
0.473517,0.120909,0.255135,2.078909,-1.526848,7.567180,-3.955138,-11.279469,-35.303273,-0.186372,0.568773,0.637373,-0.485303
-0.010120,0.004261,0.478311,2.603426,-1.543614,8.010265,-3.808652,-10.547036,-35.742733,-0.170851,0.567824,0.634265,-0.496079
-0.005326,0.386697,0.501215,2.286081,-1.543614,8.121635,-2.783246,-10.107576,-35.596246,-0.167821,0.565560,0.621552,-0.515414
0.117714,1.243183,0.177369,2.538759,-1.735218,7.146847,-2.343786,-10.840009,-35.156786,-0.157070,0.554852,0.609806,-0.543695
0.335563,0.300942,0.058058,4.032077,-1.902872,7.580352,1.171893,-11.132982,-36.328679,-0.121721,0.536924,0.593228,-0.587348
0.156064,0.153933,0.149672,3.944657,-1.864551,8.288092,0.146487,-11.865415,-37.354086,-0.088734,0.544949,0.560802,-0.616975
-0.126768,0.608808,0.444222,3.600967,-1.711268,7.472575,-0.146487,-10.986496,-37.940032,-0.060939,0.550531,0.523552,-0.647376
-0.027697,-0.455940,0.393089,4.014114,-1.811860,6.688194,1.464866,-10.840009,-36.914626,-0.035814,0.540651,0.479252,-0.690457
0.192816,-1.132393,-0.124105,2.547142,-1.589120,7.268995,0.292973,-9.961089,-36.035706,-0.018425,0.554378,0.425955,-0.714764
0.279104,-1.833348,-0.166184,3.325535,-3.023758,8.628190,-0.732433,-11.279469,-36.768139,0.006934,0.580090,0.370253,-0.725507
-0.514531,-2.183825,-0.355271,-0.732887,-2.021427,8.599449,-3.808652,-11.425956,-36.914626,0.031689,0.618041,0.315666,-0.719289
-0.376577,-0.227970,-0.108659,1.899279,-1.324466,8.017450,-8.789197,-11.425956,-33.984894,0.041892,0.644367,0.273302,-0.712982
-0.339825,-0.053797,0.406937,0.796356,-0.758035,7.154033,-8.056764,-10.400549,-34.424353,0.063206,0.640123,0.215934,-0.734588
-0.030360,-1.344384,0.263124,0.700554,-0.708937,6.921712,-9.668116,-8.496223,-33.984894,0.076285,0.619117,0.174224,-0.761919
0.092679,-1.252770,0.178967,-0.553258,-1.122084,8.054574,-12.304875,-9.082170,-33.691920,0.090049,0.621307,0.144468,-0.764852
0.331302,-1.296979,0.210393,-0.692171,-1.239442,7.733636,-13.623255,-9.228656,-34.424353,0.108574,0.617850,0.131607,-0.767563
0.140617,-1.004560,0.281234,-2.311229,-1.660971,7.672562,-16.260014,-9.814603,-35.303273,0.131860,0.613950,0.126082,-0.767973
0.279104,-0.631179,0.376044,-2.852512,-1.447811,7.516883,-18.164340,-9.375143,-35.449760,0.152511,0.602763,0.124726,-0.773214
0.059656,-0.550750,0.140617,-2.754314,-1.653786,8.173129,-17.724880,-9.521630,-36.768139,0.174975,0.580227,0.132202,-0.784374
0.016512,-1.066879,0.216252,-2.893228,-1.375960,6.206788,-19.043259,-10.547036,-36.035706,0.201379,0.554271,0.128412,-0.797334
-0.088951,-1.742799,0.311062,-3.371041,-1.676539,6.436713,-20.215152,-10.547036,-37.207599,0.226284,0.538098,0.130839,-0.801328
-0.131562,-3.391321,0.510269,-6.255886,-1.699292,4.752989,-22.558938,-10.254063,-37.793545,0.245907,0.536598,0.138039,-0.795322
0.241819,-3.056823,0.010120,-6.555268,-1.641811,4.211706,-28.125429,-10.547036,-41.895171,0.252129,0.571109,0.171342,-0.762173
0.128366,-1.749724,0.041546,-7.670167,-1.608280,2.482476,-32.520027,-10.547036,-46.289769,0.274282,0.599652,0.208987,-0.722158
0.254069,-1.099370,0.013849,-8.050981,-1.622650,2.733957,-34.424353,-10.693523,-47.608148,0.300591,0.601148,0.241351,-0.700012
0.117714,-1.843468,0.030360,-7.765969,-1.702885,2.026217,-36.328679,-9.961089,-48.926528,0.334965,0.586622,0.274016,-0.684535
0.011718,-2.022968,0.352075,-7.915660,-1.948378,0.364049,-38.965438,-9.961089,-52.442206,0.360232,0.585344,0.314810,-0.654599
-0.024501,-2.082624,0.536901,-8.547955,-1.798687,-1.041849,-38.965438,-10.547036,-55.371939,0.374381,0.582690,0.363903,-0.622805
-0.105995,-1.868502,0.341955,-9.585014,-1.597502,-2.332785,-40.137331,-9.375143,-59.766537,0.381161,0.573239,0.422850,-0.589331
-0.034089,-1.185125,0.399480,-9.020979,-1.852576,-2.591451,-40.576791,-11.572442,-61.670863,0.387688,0.556855,0.480976,-0.555223
-0.053264,-1.076466,0.138486,-8.192289,-2.398649,-3.785386,-40.576791,-10.986496,-62.549783,0.402870,0.521744,0.534976,-0.528468
0.034089,-2.208860,0.349945,-8.122833,-2.392661,-3.906336,-40.869764,-10.400549,-64.600595,0.422498,0.485388,0.580109,-0.499367
-0.028763,-3.536732,0.297213,-8.374314,-2.184291,-5.815196,-40.137331,-11.132982,-68.555734,0.416674,0.452901,0.644450,-0.453814
0.048470,-2.577979,0.319584,-8.080919,-2.508821,-8.258153,-39.697871,-12.451362,-73.389792,0.375192,0.426267,0.725374,-0.389050
-0.031426,-1.220279,0.033556,-7.284563,-2.493253,-8.611424,-37.793545,-11.718929,-77.637903,0.345742,0.377108,0.792100,-0.332911
-0.154998,-0.552348,0.135291,-5.882258,-2.401044,-8.684473,-36.768139,-12.158389,-78.956283,0.344577,0.314460,0.835681,-0.289862
-0.123040,-1.774758,0.200273,-4.998482,-2.604623,-9.322756,-38.233005,-12.744335,-79.249256,0.358196,0.241427,0.864554,-0.256818
0.052731,-2.666398,0.317454,-4.294336,-2.599833,-10.281976,-35.156786,-13.183795,-81.739528,0.346732,0.187965,0.891061,-0.224624
0.168847,-3.000363,0.518792,-3.726707,-2.828561,-11.574108,-32.373541,-12.744335,-84.815747,0.314685,0.147648,0.916932,-0.195982
0.325443,-3.055225,0.459669,-2.033403,-3.056092,-12.716550,-27.100023,-11.865415,-87.452506,0.271723,0.113599,0.939586,-0.174469
0.371783,-2.601948,0.300942,-1.028677,-2.518401,-12.071083,-22.998398,-11.572442,-90.675212,0.226107,0.093182,0.956791,-0.157300
0.273777,-2.308463,0.369652,1.419071,-2.320809,-11.918997,-19.189746,-12.158389,-90.675212,0.191284,0.079743,0.967873,-0.142383
0.013316,-1.882351,0.405872,1.822638,-2.144773,-11.719009,-14.941634,-11.425956,-91.407645,0.162167,0.075693,0.974514,-0.135260
-0.062852,-1.524417,0.152868,4.264397,-2.163933,-11.974083,-11.865415,-10.986496,-91.554131,0.143839,0.069847,0.977582,-0.136989
-0.095875,-1.989944,0.537967,5.331395,-2.440562,-12.116589,-9.375143,-11.425956,-91.700618,0.136444,0.072772,0.977712,-0.142010
0.037817,-2.909282,0.444755,6.089430,-2.179501,-10.966962,-7.031357,-13.769741,-88.477913,0.114307,0.066454,0.979987,-0.148807
0.015979,-3.106891,0.639701,7.007934,-2.330390,-9.927507,-0.732433,-12.451362,-86.573587,0.064549,0.070367,0.984173,-0.149282
0.009055,-2.497551,0.438896,7.824648,-2.271711,-8.933559,5.420005,-12.451362,-82.471962,0.006508,0.066984,0.986421,-0.149818
0.124105,-2.398479,0.478311,8.853325,-2.015440,-7.410304,7.910277,-11.718929,-79.102770,-0.035030,0.066822,0.985628,-0.151143
0.104930,-2.059188,0.353673,10.377778,-1.817848,-6.667836,10.693523,-11.865415,-77.198444,-0.076209,0.066058,0.983616,-0.149428
0.089484,-2.408600,0.345684,10.104742,-1.581935,-4.948186,13.037308,-10.107576,-73.389792,-0.109255,0.069199,0.980386,-0.148725
0.049536,-2.214719,0.150737,10.774160,-1.587922,-3.988966,15.674067,-10.107576,-68.409247,-0.153791,0.073680,0.974183,-0.147941
0.204001,-2.878921,0.317986,10.359815,-1.720848,-2.478883,15.088121,-10.986496,-64.014649,-0.193712,0.083560,0.966155,-0.148448
0.239156,-1.896732,0.243949,10.705901,-1.416676,-1.299318,15.674067,-10.693523,-61.084916,-0.256315,0.092309,0.951994,-0.139603
0.275375,-2.327638,0.144878,10.503518,-1.525651,0.252678,16.845960,-10.986496,-59.327077,-0.295582,0.101204,0.940830,-0.131257
0.355804,-2.729249,0.273777,9.503583,-1.069393,2.274106,15.234607,-10.840009,-54.493019,-0.348439,0.114101,0.922703,-0.119125
0.190153,-2.418720,0.433037,8.856917,-1.203516,3.502770,14.502174,-10.107576,-50.830854,-0.416682,0.126861,0.894714,-0.098839
0.139552,-1.780617,0.307333,7.598315,-1.007121,4.436841,12.890822,-10.547036,-47.168688,-0.482273,0.130725,0.862637,-0.078616
0.121442,-1.727885,0.137421,7.498921,-0.943652,4.875137,11.279469,-9.814603,-44.678416,-0.536377,0.134000,0.831144,-0.059516
0.113985,-1.453576,0.000533,6.150504,-0.989158,6.063084,10.840009,-8.789197,-40.723278,-0.593075,0.140406,0.791741,-0.041165
0.148607,-0.243949,0.123573,6.131344,-1.676539,6.574429,8.203250,-9.375143,-40.430304,-0.645573,0.145967,0.749227,-0.024237
0.157129,0.899097,-0.093745,6.555268,-1.560379,6.251096,7.617304,-9.961089,-39.551385,-0.676146,0.142528,0.722831,-0.005180
0.132627,1.152101,-0.071374,7.174390,-1.322071,5.829566,9.668116,-10.547036,-40.723278,-0.684472,0.145151,0.714404,0.007534
-0.008522,1.172874,0.063384,8.043796,-1.415478,5.507431,10.400549,-10.986496,-43.213550,-0.686715,0.151275,0.710745,0.019482
-0.088951,1.163819,0.054862,8.130018,-1.475355,4.582940,11.572442,-10.693523,-45.264363,-0.689092,0.154067,0.707395,0.031763
-0.046872,1.062617,0.083092,8.211450,-1.343626,4.151830,12.158389,-9.814603,-45.850309,-0.691784,0.156918,0.703585,0.042195
-0.041013,1.267684,0.110257,9.131151,-1.695700,3.495584,14.941634,-11.132982,-48.047608,-0.696340,0.161908,0.697116,0.054096
-0.022904,1.216551,0.024501,9.509570,-1.690910,2.826166,14.062715,-10.547036,-49.219501,-0.695178,0.168012,0.695690,0.067199
0.043677,1.025333,0.015979,9.871224,-1.671749,2.222612,15.088121,-10.107576,-51.123827,-0.695844,0.177901,0.691276,0.079304
0.049003,1.282598,0.260461,9.808952,-1.674144,1.808267,15.088121,-10.986496,-52.295720,-0.699786,0.191084,0.681957,0.093383
-0.009055,1.670893,0.200273,10.605308,-1.525651,0.820307,16.113527,-10.254063,-53.321126,-0.697823,0.202412,0.677760,0.112756
-0.119844,1.855186,0.200273,10.673567,-1.483737,-0.343691,17.285420,-10.840009,-57.422751,-0.687584,0.218915,0.680544,0.127137
-0.030360,1.913244,0.315323,10.292753,-1.404700,-1.136454,17.138933,-11.572442,-59.620050,-0.672956,0.237164,0.686898,0.138041
-0.079363,2.474114,0.231699,10.314309,-1.599897,-2.714796,15.527581,-10.840009,-63.575189,-0.654401,0.258539,0.694007,0.152549
0.090016,2.264787,0.043144,10.480765,-1.334046,-4.285953,15.820554,-9.961089,-67.969787,-0.624303,0.285367,0.709733,0.158401
0.149139,2.184358,0.031958,10.347840,-1.671749,-5.185296,14.355688,-10.547036,-72.071412,-0.594828,0.322993,0.717939,0.162538
0.068711,2.234959,0.210393,9.587409,-1.276565,-6.277442,11.865415,-9.814603,-74.268711,-0.564336,0.363781,0.722130,0.166484
0.003196,2.075167,0.219448,9.094028,-1.607083,-7.801895,10.840009,-9.668116,-79.102770,-0.530461,0.405055,0.725652,0.167241
-0.087353,2.282364,0.240753,8.229413,-1.611873,-8.719202,8.349737,-10.400549,-80.128176,-0.498252,0.446041,0.724797,0.165717
0.126768,2.354270,0.074570,7.526464,-1.598700,-10.281976,4.980545,-10.547036,-83.790341,-0.460653,0.489789,0.723494,0.156402
0.136356,1.768366,0.123040,6.405577,-1.790304,-10.588543,0.732433,-11.279469,-87.159533,-0.417398,0.543324,0.714252,0.142904
0.056993,1.570224,0.134758,5.534975,-1.489725,-10.926246,-1.464866,-10.254063,-88.770886,-0.384454,0.594698,0.692899,0.135720
-0.006392,1.846131,0.132627,4.229669,-2.027415,-11.792059,-3.369192,-10.693523,-90.382238,-0.355136,0.646733,0.663195,0.125644
-0.133693,2.277037,-0.035154,3.514745,-1.502898,-11.642368,-7.763790,-10.107576,-90.382238,-0.321449,0.697074,0.631955,0.106733
-0.138486,1.832815,0.126236,2.383081,-1.815453,-11.529800,-12.158389,-10.400549,-92.726024,-0.283614,0.752172,0.590990,0.067317
-0.157129,1.619227,-0.041013,1.300515,-1.884909,-11.892651,-15.527581,-9.961089,-91.700618,-0.254795,0.799140,0.543337,0.035221
-0.046340,1.732146,-0.271647,0.683789,-2.230995,-12.750081,-16.992447,-11.132982,-90.821698,-0.231905,0.844484,0.482761,0.003086
0.126768,1.553179,0.065515,-0.107778,-1.805872,-12.130959,-21.680018,-11.718929,-90.821698,-0.206155,0.888356,0.408815,-0.034553
0.086820,1.229867,0.033556,-1.581935,-2.672883,-12.346514,-24.170291,-10.986496,-90.089265,-0.180254,0.924033,0.330002,-0.069069
0.020773,1.391257,0.104398,-2.796228,-2.313624,-11.653145,-25.928130,-10.400549,-88.624399,-0.163163,0.949117,0.254290,-0.088829
0.084690,1.554245,0.007457,-2.507624,-2.008255,-11.260356,-28.418402,-11.718929,-88.477913,-0.151354,0.964511,0.187182,-0.108508
0.180032,1.521221,0.180032,-3.547078,-1.773539,-11.198085,-31.201648,-10.107576,-87.452506,-0.136684,0.975825,0.095400,-0.141354
0.249808,1.693796,0.094277,-5.085902,-2.192674,-10.493938,-32.080568,-11.279469,-85.694667,-0.126027,0.977639,0.012592,-0.167869
0.278571,1.751321,-0.021838,-5.446358,-1.523256,-10.410111,-34.717327,-10.400549,-85.401694,-0.122460,0.974717,-0.007007,-0.186763
0.264190,1.691133,-0.023436,-5.719394,-1.477750,-9.283237,-36.768139,-8.349737,-83.057908,-0.120182,0.970630,-0.008377,-0.208240
0.340357,1.433868,-0.162988,-5.961295,-1.737613,-8.746745,-39.990845,-9.814603,-82.178988,-0.119291,0.966020,-0.017954,-0.228589
0.201338,1.374745,0.123040,-6.193615,-1.482540,-6.828305,-40.723278,-8.203250,-77.930877,-0.114969,0.962686,-0.036451,-0.242258
-0.128899,1.037583,0.272712,-7.967154,-0.735282,-6.718132,-40.723278,-8.496223,-77.930877,-0.117821,0.959240,-0.043959,-0.253071
-0.011185,1.198973,0.141150,-8.635375,-1.072985,-6.875008,-42.481117,-7.910277,-75.880064,-0.131328,0.957416,-0.033538,-0.254916
0.066580,1.221877,0.231699,-8.514424,-0.629900,-5.142185,-43.213550,-8.056764,-71.924926,-0.142025,0.954584,-0.028590,-0.260350
-0.049536,1.094576,0.076168,-8.694054,-1.645404,-5.599641,-42.627604,-8.056764,-70.167086,-0.151612,0.952081,-0.015106,-0.265195
0.054329,0.901760,0.010653,-8.285696,-1.357997,-4.828433,-42.041657,-8.056764,-70.460060,-0.164132,0.949535,-0.017147,-0.266739
0.039415,1.063683,0.241819,-8.479696,-1.163997,-4.428459,-43.360037,-7.617304,-67.090867,-0.174411,0.948517,-0.018548,-0.263726
0.075635,1.340123,0.006924,-8.900028,-1.196331,-3.398585,-43.506523,-7.470817,-64.893568,-0.187969,0.946582,-0.010476,-0.261803
-0.070309,1.748126,0.248743,-8.653338,-1.280157,-2.272908,-42.481117,-7.031357,-63.868162,-0.199988,0.942465,-0.006137,-0.267818
0.051133,1.232530,0.261526,-8.831769,-0.884973,-1.444219,-41.455711,-8.056764,-58.741131,-0.219264,0.933331,0.006047,-0.284217
0.049536,1.430139,0.254069,-8.638967,-1.247824,-0.197592,-40.723278,-7.324331,-57.422751,-0.235458,0.928512,0.022574,-0.286209
0.246612,1.523884,0.338227,-9.156299,-0.959220,0.020358,-40.723278,-8.496223,-55.078965,-0.253146,0.921116,0.038670,-0.293202
0.044742,2.328171,0.536901,-8.285696,-1.575947,1.845391,-38.672465,-9.375143,-53.321126,-0.265595,0.913508,0.065177,-0.301189
0.087886,2.285560,0.405339,-7.684537,-0.938862,2.077711,-35.889220,-9.228656,-49.658961,-0.282920,0.895014,0.100028,-0.330001
0.327574,0.437830,0.199207,-7.291748,-1.296923,3.505165,-33.838407,-10.107576,-44.971389,-0.296917,0.873195,0.139842,-0.360299
0.374979,0.170445,0.236492,-8.217437,-1.711268,3.429720,-33.545434,-9.521630,-46.729229,-0.309379,0.871616,0.161100,-0.344409
-0.007457,1.578213,0.087886,-7.067810,-1.385540,3.760238,-32.373541,-9.521630,-45.557336,-0.323839,0.871743,0.181712,-0.319645
-0.021306,2.346281,0.257265,-5.624789,-1.544811,5.236790,-30.908675,-9.814603,-41.748684,-0.338992,0.854480,0.211622,-0.331911
-0.200805,0.885781,0.167782,-5.191284,-1.317281,5.138593,-27.100023,-8.935683,-41.455711,-0.349916,0.826423,0.253666,-0.360883
0.337694,1.474881,0.212523,-5.223617,-1.325664,5.532580,-26.514076,-8.935683,-38.525978,-0.375156,0.806323,0.281188,-0.360604
0.393621,2.201403,0.139552,-4.311101,-2.077711,5.992430,-23.730831,-9.961089,-38.379492,-0.383101,0.783057,0.325124,-0.366538
0.379240,2.087418,0.384034,-2.440562,-2.172316,7.576760,-19.189746,-10.400549,-37.354086,-0.379330,0.751070,0.373240,-0.390762
0.335031,1.274076,0.070841,-1.787909,-2.316019,7.203131,-17.138933,-10.986496,-36.475166,-0.375818,0.713954,0.421577,-0.413887
0.009055,0.496953,-0.265255,-1.311293,-1.911255,7.949191,-14.648661,-12.011902,-37.207599,-0.376390,0.687034,0.452356,-0.426250
-0.297213,0.532640,0.388295,-1.566367,-1.346022,7.077391,-14.502174,-12.451362,-35.596246,-0.387124,0.667983,0.463790,-0.434548
-0.011718,1.478610,0.363261,-0.870603,-1.768749,7.500118,-13.623255,-10.400549,-35.596246,-0.411090,0.630862,0.490307,-0.438882
0.098006,1.957453,0.365924,0.613134,-1.687317,7.228279,-10.107576,-10.986496,-35.010300,-0.418299,0.581376,0.527249,-0.457205
0.513465,1.121741,0.071906,1.278960,-1.656181,7.706093,-6.445411,-12.304875,-35.449760,-0.412935,0.530547,0.557050,-0.487545
0.691367,0.148607,-0.050601,1.880119,-2.149563,8.324017,-4.834058,-12.158389,-36.475166,-0.404656,0.505466,0.567751,-0.508346
0.437830,0.022371,0.230633,2.122020,-3.588992,8.759918,-6.152438,-12.597848,-36.621653,-0.405416,0.502427,0.561196,-0.517942
0.396284,0.046340,0.314790,1.729230,-3.038129,7.580352,-5.420005,-13.330282,-37.647059,-0.417804,0.491694,0.554541,-0.525509
0.828788,0.116648,0.662072,2.441760,-3.439301,7.664179,-5.566491,-14.648661,-38.965438,-0.431839,0.477819,0.547711,-0.534057
1.014680,0.963546,0.566729,2.380686,-3.662041,7.659389,-4.834058,-15.088121,-38.525978,-0.444972,0.465915,0.548975,-0.532493
1.099902,0.746229,0.566729,2.972265,-4.338644,6.842675,-3.222705,-16.406500,-41.602197,-0.440901,0.442966,0.563693,-0.540035
1.103098,0.266853,0.366457,3.491992,-4.665569,7.017514,-2.050813,-17.871366,-44.238956,-0.437129,0.426426,0.574213,-0.545306
1.275674,-0.343020,-0.072972,2.769882,-4.931420,6.324146,-0.146487,-19.189746,-45.557336,-0.436398,0.422047,0.575176,-0.548275
1.547853,-0.673790,-0.278571,2.047773,-6.227146,6.461861,-0.732433,-20.068666,-47.315175,-0.434154,0.434569,0.568453,-0.547286
1.481273,-0.434102,0.103865,2.537562,-6.667836,5.406839,-3.222705,-22.558938,-48.633555,-0.430256,0.454981,0.563298,-0.539043
1.509503,-0.226905,0.153400,1.580737,-7.134872,5.829566,-4.834058,-23.291371,-51.709773,-0.429678,0.469034,0.563653,-0.526953
1.083390,-0.052731,0.496421,2.022625,-9.040139,5.772085,-4.541085,-23.291371,-54.346532,-0.427167,0.475371,0.572057,-0.514102
0.750490,0.126768,0.160857,2.665697,-8.332400,4.543421,-3.369192,-23.291371,-54.639506,-0.433003,0.468924,0.580229,-0.505917
0.953959,-0.183761,0.225307,1.837008,-8.892843,4.191348,-4.248112,-25.342184,-57.862211,-0.435100,0.464231,0.578305,-0.510627
1.150503,-0.194414,0.146476,2.633364,-9.031756,4.077583,-6.445411,-24.902724,-59.473564,-0.441230,0.462152,0.579407,-0.505983
1.027463,0.062852,-0.092679,1.523256,-9.569447,2.907598,-3.369192,-25.635157,-61.670863,-0.445929,0.466827,0.578878,-0.498117
1.205898,0.332368,-0.086288,1.969934,-10.193359,2.568698,-4.834058,-25.635157,-64.600595,-0.442812,0.466356,0.580393,-0.499573
1.448249,0.378707,-0.167782,2.229797,-10.123902,1.526848,-5.859464,-25.781643,-65.918975,-0.433548,0.465063,0.586601,-0.501649
1.437064,0.329704,-0.085755,2.875265,-10.582555,1.701687,-6.884871,-26.514076,-69.581140,-0.418492,0.468757,0.594935,-0.501182
1.373679,0.064982,-0.063917,2.579475,-10.291556,0.352073,-9.082170,-25.195697,-72.364385,-0.404567,0.473350,0.602503,-0.499255
1.413627,-0.088951,-0.078831,1.231059,-11.114258,-0.295789,-7.031357,-24.023804,-74.708171,-0.396787,0.480673,0.605907,-0.494358
1.396050,0.242351,0.040481,2.708808,-11.031628,-1.235849,-9.961089,-21.972992,-77.930877,-0.389732,0.485315,0.612894,-0.486765
1.110555,-0.111854,0.672192,2.080106,-11.341788,-0.936467,-9.375143,-21.680018,-81.446555,-0.379845,0.488631,0.619165,-0.483313
1.406703,0.041013,0.464462,0.524517,-10.404124,-3.846460,-9.082170,-20.801099,-82.325475,-0.389069,0.479297,0.629151,-0.472300
2.134823,0.404274,0.455940,2.630969,-10.595728,-5.040396,-8.789197,-18.457313,-85.548180,-0.389886,0.469821,0.645993,-0.458204
2.794764,0.011718,0.243949,1.882514,-11.311850,-5.673888,-8.642710,-15.088121,-87.452506,-0.373390,0.470719,0.669611,-0.436607
2.716998,0.411198,0.167249,2.629772,-10.905888,-7.066613,-8.935683,-10.107576,-91.847105,-0.351723,0.482798,0.697569,-0.395721
2.644559,0.004261,0.140084,2.226205,-10.490346,-7.406711,-10.254063,-5.859464,-94.923323,-0.319973,0.492724,0.724564,-0.360343
1.971302,0.244482,0.287093,2.344760,-9.896372,-8.370721,-11.572442,-0.146487,-95.948730,-0.295503,0.504654,0.746772,-0.316756
1.606976,0.118779,0.648223,2.450142,-8.575498,-9.553879,-11.718929,2.929732,-96.095216,-0.276109,0.505586,0.765312,-0.287131
1.406171,0.249808,0.612536,2.274106,-7.999487,-10.225692,-11.425956,6.445411,-96.974136,-0.266513,0.497805,0.783568,-0.259196
1.416823,0.255135,0.664735,2.264526,-6.304985,-11.594466,-12.451362,9.228656,-97.413596,-0.256376,0.486014,0.801463,-0.236048
1.996869,0.429841,0.282832,1.710070,-5.445160,-12.263885,-13.183795,12.304875,-97.853056,-0.245722,0.474747,0.818203,-0.211612
2.151867,0.477778,0.504943,1.906465,-4.827236,-12.139342,-13.916228,15.967041,-97.706569,-0.220103,0.472801,0.834938,-0.175761
2.550282,0.514531,0.441026,1.783119,-3.742275,-12.306996,-14.648661,21.387045,-96.974136,-0.190110,0.466152,0.853779,-0.132746
2.262656,0.354206,0.396817,1.193935,-2.542352,-12.414773,-16.552987,26.514076,-93.311971,-0.151248,0.461313,0.870796,-0.077643
2.716998,0.549152,0.213056,1.822638,-0.587986,-12.826723,-16.260014,29.150835,-92.433051,-0.118518,0.453672,0.882947,-0.023231
2.571055,0.345684,0.052731,0.095802,-0.267049,-11.934564,-17.431907,35.010300,-86.573587,-0.068011,0.458918,0.884983,0.039676
2.795297,0.645027,-0.161923,0.958022,1.889699,-12.421958,-17.578393,38.086519,-83.497368,-0.026116,0.452702,0.884321,0.111151
2.361727,0.611471,-0.034622,0.386802,2.389068,-9.300003,-16.260014,40.869764,-78.077363,0.034137,0.463813,0.866433,0.181675
1.321481,0.540630,-0.151802,1.029874,3.852448,-8.286894,-16.699474,43.067063,-72.657359,0.094041,0.468955,0.843530,0.244323
0.766469,0.116648,0.181630,0.754443,4.193743,-8.331203,-14.648661,43.360037,-71.192493,0.148893,0.497713,0.810101,0.271752
-0.157662,0.188022,0.383501,1.290935,4.435644,-7.985117,-14.648661,44.238956,-70.313573,0.194470,0.517420,0.781126,0.290346
-0.858084,-0.002663,0.661007,-0.428715,3.623720,-8.295277,-15.527581,43.945983,-70.020600,0.233957,0.544194,0.755096,0.280976
-1.702851,-0.058058,0.333965,0.131728,3.392597,-8.793448,-16.552987,43.506523,-72.217899,0.254739,0.545290,0.750509,0.272952
-2.482637,-0.277506,0.490029,0.317345,2.195069,-9.042534,-17.724880,42.041657,-75.147631,0.260281,0.565188,0.742967,0.246610
-2.963611,-0.405872,0.297213,-0.433505,1.262195,-12.502193,-16.992447,39.258412,-82.032502,0.246117,0.581812,0.746447,0.209134
-2.827788,-0.565664,0.635440,0.704146,-0.955627,-12.015996,-18.750286,35.742733,-85.841154,0.215191,0.593084,0.756807,0.170843
-2.933250,-0.566729,0.653017,-0.130531,-2.219019,-14.281719,-17.578393,31.055161,-90.821698,0.182334,0.598018,0.769075,0.132864
-2.035219,-0.074037,0.247678,1.262195,-2.929154,-13.363215,-19.189746,25.049210,-93.311971,0.144315,0.594830,0.785212,0.093764
-1.710308,0.098538,0.174173,0.573616,-4.661977,-12.671044,-18.750286,21.972992,-97.267109,0.131119,0.605649,0.782259,0.063775
-1.341721,0.152335,0.199207,0.789171,-5.029618,-11.903429,-19.482719,17.724880,-96.534676,0.125821,0.610941,0.780561,0.040550
-1.712971,-0.068711,0.219448,0.692171,-6.260677,-10.216112,-20.068666,15.088121,-97.706569,0.128731,0.616505,0.776389,0.023876
-1.719896,-0.308399,-0.131562,0.453863,-6.554071,-11.239998,-19.922179,11.132982,-98.439002,0.119741,0.620510,0.774994,0.003753
-1.515894,-0.092679,-0.026099,0.700554,-7.763574,-10.007742,-18.896773,7.763790,-97.999542,0.104907,0.632630,0.767241,-0.010752
-1.690600,-0.038350,0.087886,1.393923,-8.640165,-9.270065,-16.992447,4.101625,-96.681163,0.098087,0.641296,0.760605,-0.024468
-1.908983,-0.164586,0.141150,0.844257,-10.091569,-8.367128,-18.750286,0.585946,-95.509270,0.089937,0.649684,0.753579,-0.044054
-2.160389,-0.251939,0.459136,1.495713,-10.246050,-7.167205,-18.017853,-3.076219,-95.948730,0.073227,0.655435,0.748916,-0.064557
-2.020837,-0.433037,0.662605,0.871800,-10.298741,-7.719266,-16.406500,-6.152438,-93.751431,0.048666,0.656364,0.747380,-0.090776
-1.563832,-0.150205,0.329704,1.063405,-10.668777,-5.624789,-14.941634,-11.718929,-93.165484,0.020910,0.650291,0.751158,-0.111558
-1.704982,-0.179500,0.164053,1.563972,-11.305862,-4.356607,-14.795148,-13.623255,-88.331426,0.008945,0.648549,0.750420,-0.127181
-1.741734,-0.109191,0.396817,1.431046,-11.514232,-3.453671,-14.795148,-16.260014,-88.624399,-0.006566,0.651349,0.744642,-0.145638
-1.474348,0.095343,0.188555,1.804675,-10.975344,-2.930351,-12.597848,-19.336233,-85.548180,-0.023074,0.647737,0.743063,-0.166617
-1.248509,0.111322,0.333965,2.236982,-11.422022,-0.746060,-12.597848,-20.801099,-81.153582,-0.028504,0.648802,0.737048,-0.187092
-1.527613,-0.089484,0.152335,2.154353,-11.327418,-0.263456,-11.718929,-22.265965,-79.981689,-0.030084,0.647061,0.734182,-0.203429
-1.369418,-0.174706,0.239156,1.324466,-11.238801,0.064667,-12.011902,-25.195697,-78.223850,-0.039726,0.649664,0.725720,-0.222910
-1.286859,0.147009,0.015447,1.895687,-10.709493,1.478947,-11.425956,-24.609751,-73.536278,-0.048792,0.648874,0.721509,-0.236658
-1.668762,-0.057525,0.161390,1.951971,-10.931036,3.083635,-10.986496,-25.928130,-70.753033,-0.048544,0.652230,0.711766,-0.256181
-1.552647,-0.183761,0.164586,1.965144,-9.647286,2.434575,-10.840009,-26.660563,-66.797894,-0.060405,0.653122,0.700977,-0.280024
-1.429074,-0.289756,0.290822,2.723179,-9.381435,3.693176,-10.400549,-26.807050,-62.549783,-0.073489,0.656670,0.688095,-0.299849
-1.437064,-0.413329,0.577915,2.040588,-8.838954,3.975793,-9.814603,-25.342184,-60.205997,-0.088497,0.661203,0.674878,-0.315466
-1.277272,-0.239688,0.936914,1.975921,-8.242585,4.303916,-8.789197,-26.367590,-55.957885,-0.110605,0.658782,0.667392,-0.329183
-0.627450,0.180565,0.817070,2.026217,-7.952784,3.680004,-6.591897,-24.463264,-54.053559,-0.130343,0.647743,0.668335,-0.341713
-0.806417,0.248743,0.415992,2.026217,-7.551612,6.017578,-4.687572,-24.023804,-53.614099,-0.129172,0.636409,0.673567,-0.352995
-1.057291,0.151270,0.137954,2.857302,-6.732503,6.114578,-4.980545,-22.851911,-51.563287,-0.124496,0.629052,0.670607,-0.372934
-1.179798,-0.022371,0.179500,2.433377,-6.417553,6.536108,-4.101625,-21.972992,-48.633555,-0.123681,0.630457,0.654161,-0.399123
-0.991776,-0.399480,0.226372,2.876462,-5.708616,7.015119,-3.515679,-21.387045,-47.461662,-0.128371,0.631050,0.635300,-0.426253
-0.704683,-0.844768,-0.258331,2.048970,-5.120630,7.039070,-3.222705,-20.215152,-45.996796,-0.137462,0.638435,0.612818,-0.444926
-0.376577,-0.311062,-0.102800,2.059748,-4.952976,7.448624,-6.005951,-19.775692,-43.506523,-0.143453,0.659131,0.583014,-0.452838
-0.129964,-0.058058,0.006924,1.604688,-4.536236,7.550414,-4.980545,-18.457313,-42.188144,-0.138490,0.672194,0.561318,-0.462490
-0.112387,-0.241819,0.197610,1.914847,-4.735026,6.568441,-6.298924,-19.482719,-42.627604,-0.124883,0.679995,0.545069,-0.474248
0.000000,0.179500,0.186424,2.003464,-4.808075,7.047453,-6.152438,-18.164340,-42.774090,-0.115644,0.689954,0.528641,-0.480758
-0.118246,0.327574,0.180032,2.251353,-5.030815,7.265403,-5.859464,-19.336233,-41.602197,-0.097097,0.694456,0.512343,-0.495791
-0.650887,-0.285495,0.009588,2.125612,-4.635631,7.246242,-5.712978,-18.017853,-42.041657,-0.075661,0.697554,0.491614,-0.515761
-0.535304,-0.329172,0.211458,1.947181,-4.121892,7.462995,-6.298924,-16.260014,-40.283818,-0.070174,0.710415,0.454241,-0.532964
-0.553413,-0.577915,0.221578,1.251417,-3.427325,7.609093,-5.859464,-15.820554,-38.965438,-0.066814,0.720832,0.419408,-0.547753
0.097473,-0.362728,-0.126768,1.531638,-2.751919,7.819858,-7.177844,-15.674067,-38.818952,-0.066111,0.732819,0.384283,-0.557612
0.557142,0.491094,0.033024,1.056220,-2.784253,7.661784,-7.324331,-14.941634,-38.672465,-0.043533,0.747072,0.348420,-0.564439
0.276973,0.298279,0.384034,1.263392,-3.239313,7.531254,-6.884871,-15.967041,-39.404898,-0.003294,0.742521,0.324339,-0.586051
-0.050068,0.207197,0.176304,2.167526,-3.948250,7.418686,-6.005951,-16.552987,-39.990845,0.027335,0.736779,0.297089,-0.606752
-0.298811,0.137421,0.233296,2.022625,-3.786584,8.167141,-4.394598,-15.820554,-39.844358,0.057140,0.735553,0.248519,-0.627643
-0.296148,-0.058058,0.233296,1.498108,-3.583004,8.398264,-5.127031,-15.088121,-39.111925,0.082989,0.731763,0.190736,-0.649042
-0.634375,-0.532640,0.268451,1.828625,-3.367449,8.715609,-6.005951,-15.967041,-38.525978,0.108708,0.726681,0.131647,-0.665422
-0.738240,-0.328106,0.029295,1.334046,-2.915981,8.422215,-7.177844,-14.209201,-37.647059,0.127024,0.730355,0.062425,-0.668244
-0.622124,-0.094277,0.050068,1.338836,-2.427389,8.216240,-6.445411,-11.718929,-35.742733,0.147905,0.725915,-0.016535,-0.671489
-0.780851,-0.066580,0.068711,0.902936,-1.937600,8.436585,-7.031357,-10.840009,-36.914626,0.170462,0.710412,-0.100816,-0.675347
-0.952361,-0.124638,0.256733,1.146034,-1.540021,7.552809,-7.177844,-9.814603,-34.131380,0.189140,0.687434,-0.188502,-0.675372
-0.820266,0.141150,0.134758,0.391592,-0.765220,7.292946,-7.910277,-8.496223,-34.277867,0.200496,0.662136,-0.281301,-0.665017
-0.596557,-0.049003,-0.097473,1.487330,-0.347283,7.673760,-6.445411,-6.738384,-33.691920,0.213811,0.620921,-0.366892,-0.658887
-0.682845,0.237558,0.131562,1.476552,0.131728,7.627056,-8.203250,-4.980545,-32.813001,0.233955,0.571813,-0.465435,-0.633771
-0.600286,0.103332,0.060721,1.220281,0.534098,7.039070,-7.031357,-4.101625,-30.762188,0.241952,0.511341,-0.553496,-0.611255
-0.495888,0.043677,0.112387,1.347219,0.904134,8.191092,-5.859464,-3.222705,-31.348135,0.255043,0.442608,-0.627845,-0.587250
-0.610938,0.183761,-0.118246,1.804675,1.220281,7.633044,-6.005951,-1.318379,-30.908675,0.268820,0.379936,-0.662959,-0.586405
-0.560338,0.225307,-0.095875,1.365182,1.601095,7.230674,-6.298924,-0.439460,-30.029755,0.273082,0.357010,-0.651259,-0.611418
-0.532108,0.033024,-0.083625,2.265723,1.851378,7.903685,-5.566491,0.292973,-30.469215,0.280009,0.313833,-0.652241,-0.630623
-0.719064,0.000533,0.062852,1.778329,2.080106,7.867759,-6.152438,2.636759,-29.590295,0.286492,0.289685,-0.633767,-0.657530
-0.859149,-0.016512,0.085755,2.444155,2.302846,7.918055,-5.859464,2.929732,-30.469215,0.290518,0.255518,-0.627917,-0.675300
-1.163819,-0.011185,0.358467,2.131600,2.848919,7.839019,-6.152438,4.101625,-29.590295,0.292035,0.229307,-0.615659,-0.695052
-1.496187,0.256200,0.345684,1.763959,3.609350,6.695379,-6.738384,7.617304,-29.883268,0.286185,0.201991,-0.612666,-0.708476
-1.458369,0.213056,0.357934,2.111242,4.295533,5.726579,-6.738384,9.961089,-28.125429,0.271896,0.168007,-0.623918,-0.713143
-1.560636,0.249276,0.287626,1.239442,5.030815,4.933816,-4.980545,12.890822,-29.297322,0.256145,0.136226,-0.634654,-0.716273
-1.545722,0.308399,0.366989,2.292069,5.546950,4.168595,-4.541085,15.381094,-29.736782,0.235287,0.096926,-0.652453,-0.713828
-1.417889,0.296148,0.355804,1.484935,6.205590,3.068067,-4.980545,20.215152,-31.055161,0.209264,0.061426,-0.668073,-0.711416
-1.301240,0.049536,0.141150,2.269316,6.648676,2.835746,-5.420005,23.584344,-31.787594,0.179755,0.019213,-0.686235,-0.704556
-1.394452,0.036752,0.359000,1.808267,6.942070,2.572290,-4.541085,25.928130,-32.959487,0.158036,-0.021685,-0.700171,-0.695927
-1.571822,-0.058590,0.185359,1.498108,7.246242,1.712465,-5.273518,29.590295,-34.277867,0.128963,-0.063913,-0.717407,-0.681624
-1.652783,-0.061786,0.233829,1.898082,7.364797,0.051494,-5.127031,30.908675,-36.182193,0.104455,-0.111374,-0.738049,-0.657244
-1.664501,-0.190153,0.371783,2.044180,7.409106,-0.590381,-5.712978,34.131380,-39.111925,0.080482,-0.157501,-0.757035,-0.628979
-1.856784,0.008522,0.362195,2.374698,7.249835,-1.287343,-6.884871,35.889220,-41.162737,0.057710,-0.200089,-0.774692,-0.597065
-1.985683,-0.143813,0.508139,1.118491,7.197144,-2.590253,-7.324331,38.965438,-45.996796,0.034721,-0.245858,-0.793046,-0.556261
-2.057590,0.290822,0.309997,1.347219,7.144452,-4.459594,-7.324331,40.430304,-47.754635,0.014120,-0.294698,-0.811305,-0.504716
-2.195011,0.250341,0.385099,0.453863,6.869021,-4.841606,-7.470817,41.162737,-51.709773,-0.008638,-0.349251,-0.823955,-0.446146
-2.021903,0.256733,0.183228,1.153220,6.487009,-7.635439,-8.935683,43.799496,-56.690318,-0.028672,-0.412362,-0.830746,-0.372823
-1.936148,0.238090,0.235427,0.522122,5.778073,-7.998290,-8.056764,44.385443,-60.791943,-0.036425,-0.453760,-0.832193,-0.316590
-1.598986,0.222644,0.084157,0.995146,5.336185,-9.561064,-9.375143,43.360037,-64.161135,-0.041268,-0.487677,-0.831422,-0.263070
-1.390191,0.064449,0.206132,1.316083,4.954173,-9.499990,-7.763790,43.213550,-68.409247,-0.042517,-0.513536,-0.827535,-0.222842
-1.351841,0.054862,0.198142,1.080170,4.411693,-10.116717,-10.547036,42.481117,-71.192493,-0.044702,-0.537808,-0.820935,-0.186628
-1.252237,-0.034089,0.344086,1.149627,3.768621,-9.864038,-10.547036,41.602197,-73.829252,-0.042811,-0.558802,-0.813937,-0.153016
-1.588866,0.121442,0.312660,0.542480,2.718389,-10.580160,-10.254063,41.602197,-76.758984,-0.039669,-0.575463,-0.807669,-0.122223
-1.316687,0.021306,0.136889,0.113765,1.772341,-11.714219,-11.865415,39.697871,-79.542229,-0.027848,-0.578843,-0.810260,-0.087433
-1.425878,0.049003,0.158194,0.579604,1.138849,-10.721469,-11.425956,38.672465,-82.032502,-0.013927,-0.579074,-0.812709,-0.063108
-1.509503,-0.055927,0.136889,0.148493,0.377221,-11.763318,-12.158389,36.475166,-84.522774,0.000933,-0.581006,-0.813254,-0.032394
-1.780084,-0.023436,0.248743,0.605949,-0.798751,-11.554948,-12.158389,34.424353,-88.624399,0.022650,-0.577760,-0.815888,-0.002487
-1.684741,0.173641,0.253537,0.707739,-2.122020,-13.776363,-14.209201,32.373541,-90.382238,0.048975,-0.571109,-0.818589,0.036723
-1.296447,0.208262,0.147009,0.686184,-2.904005,-14.007485,-14.209201,28.271916,-92.726024,0.071837,-0.562023,-0.820184,0.079172
-0.769665,0.077765,0.216252,0.531702,-3.105190,-13.166821,-15.088121,27.392996,-94.483864,0.087978,-0.553912,-0.819869,0.115139
-0.727054,0.128366,0.230101,0.077839,-3.399782,-13.080599,-15.527581,24.609751,-95.802243,0.100508,-0.543924,-0.821486,0.138582
-0.587502,0.248743,0.245015,1.038257,-3.854843,-12.974019,-16.699474,23.437858,-96.388190,0.112114,-0.530075,-0.824784,0.161812
-0.337694,0.360065,0.363793,-0.499369,-4.033274,-14.047004,-16.992447,22.265965,-98.731975,0.118547,-0.519285,-0.825320,0.187447
-0.082559,0.145943,0.397350,-0.764023,-4.112311,-12.262687,-17.138933,21.533532,-98.585489,0.120903,-0.496590,-0.834347,0.206510
-0.135823,-0.029295,0.059656,-0.676603,-4.006929,-10.711888,-17.724880,21.533532,-98.292515,0.125673,-0.469742,-0.846666,0.216112
-0.093745,-0.093212,0.093212,0.990356,-3.829695,-13.268611,-17.578393,21.387045,-99.024949,0.134135,-0.448946,-0.853904,0.226501
0.547022,-0.160857,0.308399,0.819109,-4.297928,-15.125977,-17.431907,20.654612,-100.050355,0.141942,-0.437309,-0.854596,0.241412
1.167015,-0.178435,0.150737,-0.948442,-4.827236,-12.964439,-17.724880,22.119478,-99.464408,0.145617,-0.420806,-0.862982,0.238705
1.178733,-0.157129,0.042079,0.341295,-4.130274,-12.601588,-17.285420,24.609751,-96.974136,0.145084,-0.397409,-0.880318,0.214608
1.254368,-0.126768,0.205599,-0.194000,-2.896820,-11.707034,-15.674067,26.514076,-95.655756,0.143026,-0.380918,-0.892920,0.192715
0.786177,-0.074037,0.047405,0.535295,-1.511280,-10.040075,-15.381094,27.978943,-93.897917,0.141602,-0.354737,-0.909247,0.165467
0.559272,0.010653,0.233296,1.075380,-1.366379,-12.469859,-14.941634,29.297322,-91.114672,0.141764,-0.335595,-0.918484,0.153840
0.770198,-0.075635,0.137954,0.308962,-1.195133,-12.181255,-15.527581,29.883268,-91.407645,0.142781,-0.311176,-0.927552,0.149766
0.943839,0.027165,0.022904,0.205975,-0.740072,-12.820735,-14.502174,30.615702,-91.261158,0.145916,-0.283226,-0.938005,0.136520
1.186190,-0.034622,-0.066580,0.019160,-0.320938,-12.583625,-14.648661,31.348135,-88.477913,0.145077,-0.254970,-0.948649,0.118352
1.140383,-0.085222,0.125703,0.726900,0.273036,-11.842355,-13.916228,33.545434,-88.038453,0.145488,-0.227069,-0.958608,0.091345
1.054095,0.002663,0.133693,0.553258,1.082565,-10.861579,-12.744335,35.596246,-85.694667,0.147755,-0.197017,-0.966953,0.065984
0.660474,0.174173,0.035154,0.673011,1.419071,-11.368134,-13.769741,36.621653,-83.204395,0.149145,-0.163415,-0.974282,0.042727
0.769665,0.028230,0.027165,0.355666,1.659774,-11.920194,-12.890822,37.207599,-83.790341,0.148395,-0.129798,-0.979870,0.031419
0.766469,0.010653,0.042611,0.360456,2.359130,-12.001626,-12.744335,38.818952,-82.471962,0.152648,-0.089586,-0.984117,0.013651
0.871400,-0.073504,0.055395,0.728097,2.852512,-11.255566,-13.183795,38.672465,-80.567636,0.158417,-0.047297,-0.986232,-0.003699
0.896434,-0.078831,0.183761,0.731690,3.192610,-11.231615,-12.451362,38.525978,-78.663310,0.165855,-0.010753,-0.985864,-0.021202
1.015745,-0.067113,0.028763,0.326925,3.512350,-10.787333,-11.572442,40.283818,-77.784390,0.174313,0.031176,-0.983370,-0.040335
1.014147,-0.052731,0.015447,0.480209,3.927892,-9.974211,-10.840009,42.188144,-77.344930,0.185401,0.075541,-0.977659,-0.064049
0.855420,0.140617,-0.066580,0.106580,4.490730,-8.801831,-11.132982,43.067063,-74.122225,0.196222,0.116617,-0.969865,-0.085199
0.567795,0.116648,-0.034089,0.656245,4.797297,-10.623271,-10.400549,42.334630,-71.046006,0.200271,0.147165,-0.963715,-0.097407
0.760078,-0.023436,0.102800,1.203516,4.973334,-9.880804,-10.107576,43.506523,-71.338979,0.206636,0.191873,-0.953622,-0.105316
0.735044,0.192816,-0.129964,0.701751,5.422407,-9.761051,-9.228656,42.920577,-69.581140,0.216219,0.233930,-0.940965,-0.114501
0.965144,-0.013316,0.060721,0.712529,5.718196,-9.605372,-9.668116,43.945983,-67.969787,0.220374,0.268746,-0.929717,-0.121812
0.887911,-0.050068,0.037285,0.732887,6.073862,-8.080919,-8.203250,42.774090,-66.797894,0.232518,0.308389,-0.912741,-0.133172
0.894836,-0.127301,-0.112387,0.771208,6.144516,-8.268931,-7.910277,43.067063,-65.333028,0.239121,0.323719,-0.905540,-0.134258
0.743566,-0.189087,0.041013,1.437034,6.447491,-7.277378,-7.177844,43.799496,-63.721675,0.250267,0.341106,-0.896144,-0.133941
0.651952,-0.050068,0.082559,0.778393,6.701367,-7.237859,-7.617304,43.653010,-62.110323,0.259992,0.357955,-0.887799,-0.126827
0.764872,-0.364859,0.061786,1.598700,6.822317,-6.931292,-6.152438,43.945983,-60.938430,0.264451,0.369357,-0.883327,-0.115649
0.488431,0.046872,0.033556,1.410688,7.064218,-6.696577,-6.298924,43.213550,-58.741131,0.279031,0.385546,-0.873453,-0.102840
0.867671,0.052199,0.129432,1.566367,7.115712,-7.855784,-6.445411,43.067063,-58.301671,0.280241,0.398653,-0.869159,-0.084279
1.175537,-0.063917,0.095875,1.563972,7.274983,-6.279837,-5.859464,42.481117,-56.836805,0.288905,0.423659,-0.855075,-0.076766
1.295381,-0.152335,0.060188,1.737613,7.600710,-5.628382,-6.445411,42.481117,-55.664912,0.301941,0.432466,-0.846637,-0.070777
1.229867,-0.065515,0.225307,1.892094,7.764772,-4.236854,-5.712978,40.869764,-52.588693,0.319808,0.436171,-0.838668,-0.064133
1.038116,0.104398,0.024501,1.597502,8.074932,-3.415350,-4.980545,40.430304,-50.391394,0.334294,0.437702,-0.832754,-0.056437
0.966742,-0.037285,0.243417,1.810662,8.090499,-3.447683,-4.541085,39.990845,-48.780041,0.341204,0.429038,-0.835302,-0.042161
1.035985,0.068711,0.405339,1.704082,8.046191,-3.327930,-5.127031,37.647059,-45.557336,0.350925,0.427431,-0.832786,-0.024923
1.282065,-0.031958,0.191751,1.318478,8.019845,-2.719586,-4.834058,38.525978,-44.971389,0.360220,0.428053,-0.828800,-0.010107
1.348113,0.018110,0.238623,1.197528,7.902488,-0.825097,-5.273518,36.621653,-42.774090,0.373695,0.415210,-0.829416,0.004607
1.238389,0.020773,0.028230,1.549601,7.979129,0.116160,-4.834058,34.131380,-40.869764,0.386404,0.395501,-0.833025,0.018411
1.236258,-0.070841,0.100136,1.433441,7.994697,0.441888,-4.248112,32.959487,-38.525978,0.397825,0.369159,-0.839059,0.037907
1.007223,0.029828,-0.118246,2.021427,7.880932,1.569959,-3.955138,30.615702,-37.647059,0.410062,0.339719,-0.844340,0.059419
0.916674,0.129964,0.010120,2.068131,7.585143,1.071788,-4.394598,30.176242,-35.742733,0.417391,0.305376,-0.851227,0.089124
1.056226,0.186424,0.232764,2.375896,7.233069,1.266985,-3.076219,28.564889,-35.010300,0.420789,0.273893,-0.856157,0.122128
1.281000,0.133160,0.148607,2.063341,6.804354,2.016637,-2.197299,26.807050,-33.252461,0.423134,0.244481,-0.859533,0.149635
1.313491,0.131030,0.195479,1.433441,6.485812,2.915981,-2.343786,24.609751,-33.105974,0.424559,0.203681,-0.864818,0.174222
1.315089,0.085222,0.166716,2.529179,6.022369,3.635695,-1.757839,22.265965,-33.105974,0.423494,0.153899,-0.870587,0.197603
1.335329,0.096941,0.192283,1.320873,5.635567,4.536236,-2.636759,19.336233,-31.641108,0.423141,0.103993,-0.872510,0.221050
1.165417,0.240753,0.013849,2.300451,5.236790,5.485876,-2.636759,16.992447,-30.176242,0.418508,0.041410,-0.873934,0.243671
1.176070,0.111322,0.184826,1.986699,4.852384,5.067939,-1.464866,14.062715,-29.883268,0.407073,-0.022649,-0.871323,0.273084
